File Name,LFHD_X,LFHD_Y,LFHD_Z,RFHD_X,RFHD_Y,RFHD_Z,LBHD_X,LBHD_Y,LBHD_Z,RBHD_X,RBHD_Y,RBHD_Z,C7_X,C7_Y,C7_Z,T10_X,T10_Y,T10_Z,CLAV_X,CLAV_Y,CLAV_Z,STRN_X,STRN_Y,STRN_Z,LSHO_X,LSHO_Y,LSHO_Z,LELB_X,LELB_Y,LELB_Z,LIWR_X,LIWR_Y,LIWR_Z,LOWR_X,LOWR_Y,LOWR_Z,LFIN_X,LFIN_Y,LFIN_Z,RSHO_X,RSHO_Y,RSHO_Z,RELB_X,RELB_Y,RELB_Z,RIWR_X,RIWR_Y,RIWR_Z,ROWR_X,ROWR_Y,ROWR_Z,RFIN_X,RFIN_Y,RFIN_Z,LFWT_X,LFWT_Y,LFWT_Z,RFWT_X,RFWT_Y,RFWT_Z,LBWT_X,LBWT_Y,LBWT_Z,RBWT_X,RBWT_Y,RBWT_Z,LKNE_X,LKNE_Y,LKNE_Z,LANK_X,LANK_Y,LANK_Z,LHEE_X,LHEE_Y,LHEE_Z,LTOE_X,LTOE_Y,LTOE_Z,RKNE_X,RKNE_Y,RKNE_Z,RANK_X,RANK_Y,RANK_Z,RHEE_X,RHEE_Y,RHEE_Z,RTOE_X,RTOE_Y,RTOE_Z
TVC03_BWA6,20.856242006298597,4.5702970759887185,9.796300943223997,19.24077851554841,6.287233242601388,11.633837875985728,2.056191297805349,10.885276394505654,4.555812947079125,13.13988101200612,19.78883078591577,4.817431551728551,2.4026253819672827,30.278337237169268,13.799636124768963,1.8047447210681253,13.714949623230964,2.1402347159465243,3.7238144101626816,1.0943962933622027,4.8837510884404844,10.53462033546856,22.44124569497729,41.367250357639534,14.561715214483199,6.750748599464026,6.321186933421982,2.7177009835126533,23.91620459014734,5.736916133638749,10.064151473716315,7.075334717620069,4.4431701035335145,10.799454101598569,4.618046487597655,5.298569659104734,16.698809573992474,24.798052460120967,32.31934114398893,21.357204409144213,27.651783627052858,21.626887306620734,12.005882794918023,2.1375605736769017,18.74439102338339,7.350825624550808,15.813361474748978,7.365977402921513,20.79269478676449,10.09521615856614,4.090343971804066,11.078766513984647,4.356693376555989,4.409174677792593,7.576135303841715,6.039836835808165,27.473195074927954,2.4565604857528567,14.133315251719567,23.237987428141118,24.883478691940248,17.26541825078088,2.5500147005872544,20.577422806199586,7.000934152104565,2.701098592183216,1.4497878732982281,27.296389657875586,26.566160302273556,9.476306828444883,3.617067320726074,9.962564538397698,2.32206966584596,11.730275160080865,15.804054439531948,5.943483052967692,8.71228768695581,11.714812410819253,4.072286999265397,18.42205799328737,40.51981781958473,4.746312826043109,10.098014501562638,2.317601547623105,7.278341049214491,9.129766557651578,3.175538535112799,7.373410939242073,10.24362796061031,18.87040982124405
TVC03_BWA7,20.61293888438864,4.32497982741481,13.36704805318047,20.43806439105472,7.6470100779878605,16.214904042930087,1.72665421155648,13.175812349566238,5.584368388577285,13.76700990674048,21.77733813327362,5.537511752201961,4.038809526669561,29.506314784827815,14.05883317403664,1.5819096437263476,12.705875365139402,2.284557363026822,2.1777752774948786,0.8121975882830124,7.250025333861959,7.266688566662822,24.12266186540483,39.58958193942972,16.162660357571834,7.656555610139985,4.320501034076397,4.634081560831803,25.153469749267014,10.612949253746827,12.392970325720256,5.450438321968414,4.545710555029131,10.586658298160156,3.8300048547093146,3.7651455213581273,15.335660773030234,17.793573514503592,36.40861685243667,23.1370910109438,18.270798236671077,20.69789109510534,12.582365021446712,1.3313693338415133,18.13749514769645,6.596198055539196,17.94879556740571,6.90140034818002,18.06227759234776,9.942064850308777,3.9702178013270797,11.704788181846498,4.395089016241186,3.9081576636474056,2.9522256586211837,5.52003955180289,27.488426192313838,3.1400030989587577,13.677345407090035,22.795716612047737,23.420404770221914,16.941325711516235,2.410703481592204,21.547981501670716,7.8513621768126125,2.9622505833120907,2.5221937567804735,34.05166971818355,25.680104205511274,10.108145662292635,4.440756154141275,6.594259309552913,1.8069506140923068,10.26724916979738,11.517752234212953,9.967761611304672,9.51497268177805,9.669969843523536,3.8211821222601974,24.529407260374786,48.210070163146405,3.9566828289587574,9.748389783420714,1.857654619540564,8.720458784861263,8.044625974584758,3.0388910031426546,6.442009978636897,9.000159154245756,17.272455417732306
TVC03_BWA8,20.572696700975584,3.603942452011643,8.903379574910298,19.395724256348622,7.4083881526141315,11.405810658757513,1.873176918045298,11.368048106220451,4.8509575134521725,12.599807673586986,19.883605805901556,4.291649511984518,4.182721153973742,31.145762894366,14.752709395415312,1.5933821842715785,13.50665195251967,2.118394212083177,2.4592259118931965,1.50699979001218,3.3342627944411696,7.553568755098441,24.643659650981128,41.86561203957559,15.772777212453676,7.525158851115672,7.435434817790508,4.048256383166538,11.665788711489618,5.901935249000221,44.72233446462973,36.878974428048004,11.89355960718027,30.775132068284638,59.5501507976511,8.162252243813333,15.523958130761072,8.833378286094398,27.76107624462536,23.275774193836284,23.860939313281882,15.640333633881074,12.937732736269632,9.081630973572338,24.875812830271066,7.422153283406545,22.883466066063583,8.00487423229504,18.58099561112302,17.591622596925443,8.377025985144996,1.4364236895147864,5.548382235480262,2.518690158893635,3.01798773536811,6.6459515971822425,28.132346512677074,3.050981609372644,14.719954916903445,23.350854651705998,23.513730961549747,19.175695466923642,2.8258546780537555,20.40393430094521,6.539593280316354,3.686920128785096,2.4731577127664774,30.452719477502196,26.412967950374156,9.773089063567323,3.8339239376204626,7.7676813557102635,1.633357622139566,10.685044288396597,13.618247866511226,8.99584334418998,9.332322602396136,9.90340831115081,4.190086453287928,18.533385167012106,40.65373073421322,5.421506997104641,8.975787531446528,2.189287612865398,6.981490557735508,8.760910873000208,2.759750577661249,7.637818117160816,9.37115497858794,17.230105295553578
TVC04_BWA_6,22.912787096362983,9.39374681968175,4.414181762112829,17.794612135559678,0.8777652047351449,2.2950913106609963,4.573718885071353,14.7181665004192,13.33701746906349,5.817991243686505,15.922967310615642,6.620695413943536,10.21107014895746,21.683980342692244,3.889659451867292,10.110940108250013,12.414624419308709,22.804695529138257,5.160453467883594,7.232337898301507,11.086445455779572,2.3187161387323574,4.642515301169036,29.506308422831005,31.877553584779093,8.508239571027413,5.331368359263072,16.993626279031446,21.247957365598506,26.670799844993088,6.884184510408048,8.157867813538648,7.595769443197878,13.504044784043364,10.001155879326209,12.287008314789412,10.801464027094983,5.263367749259857,17.663816117240998,27.494071252867133,39.76252144426777,19.682184941754368,19.781057161485364,7.093913250496823,16.758488981309764,13.774497389079569,11.749814068128963,16.933729972668036,13.602781580950685,21.368323534727097,3.42024267148115,8.234683108543921,3.8083351846940503,4.582339577332228,40.07448798926647,56.96890667687633,61.261049968753746,46.20615327286863,42.431849199386235,59.000280832816024,45.904651364768874,16.09638079911649,13.36825802083501,21.66596242535614,19.85217652416336,15.198835228017705,9.92201902739659,4.285758672538631,20.83481638374443,11.055277533249226,5.2516061342404985,3.7667939798560686,13.947740938023713,6.0689885901833724,9.586872071563127,24.31310344781883,7.009315131310218,4.324393647159645,10.474631235984985,4.4247959156236245,15.994365440514274,3.7076738767638178,8.457382669438145,11.341243881665305,2.7795510965951546,12.456433140321407,5.379240209470966,3.837332581867001,9.78018537252963,22.346768357796584
TVC04_BWA_7,22.72957016587505,7.968794438977651,4.908999230392752,18.20004112450948,1.1170185309037608,5.2167078675986,4.469671734193356,14.613565658598395,12.034791499954181,5.899952592240476,15.625388414906002,9.92323865520657,7.718844682594808,23.890514760466495,3.273573155548434,10.575819187497055,11.403529505650422,22.07247016040242,12.699946044995823,7.67524878437169,15.710528693370872,7.9733437325920224,1.3434764135247121,23.566819831605102,36.57012722548355,7.290124066648721,6.105817833105283,15.781094650482537,27.726753897779204,27.066063615423822,6.57869704377288,7.782485384029695,6.432917716430495,11.762196060032725,9.385557467257216,9.993208299383232,10.78311435420097,6.0145799988194515,17.345824566574308,25.3579044072912,42.43366615222432,24.82102680998826,18.476617154487283,8.99897463621773,15.846767960492924,9.564137309046663,13.814200474284693,14.500748254585794,13.407027815517626,14.789210757060065,3.6190710147001734,9.856358252568919,3.5333867064803592,4.608501997020436,44.74330408049752,53.96215423586626,61.13037087382372,43.428220937787,32.48699909960464,56.796030594701584,45.0452140904447,15.526076489951143,7.906036726325502,20.80538469825425,14.97745046184664,9.993639493582982,10.38971017019106,5.156816797284538,24.04005285049079,10.038102354844026,1.514306730098011,2.3601027697407306,8.424169142413213,5.256717501172068,10.98332944339002,5.693156536183529,1.48916303847305,9.090258845992366,9.966262426815534,4.390315279075644,21.13225750216487,5.1245955912360195,7.85499241279433,7.150748081814879,0.9665632335845783,10.293516762203787,4.138079975450468,5.553001265075068,11.527002993052687,18.05845117502926
TVC04_BWA_8,23.86599609759942,10.250803579263582,4.031329573740378,16.962405698655715,1.9416064806969844,2.463541465491826,3.829861520786127,15.703645805151261,17.390462796186608,6.345697010520199,16.357548052534405,11.699214470782403,8.274839630536048,20.825995033957422,3.9055893324398028,11.506885833225498,12.300003521446813,22.149268109860017,10.097504395885029,7.222457561545706,10.637602471777434,3.2979959347912513,6.959339640677195,27.69788408279419,35.50361926485252,2.669309261760149,5.305578245887897,19.407434518046923,25.660844939221317,31.887014668806014,10.054735357251115,7.671360545932587,11.873201713350866,9.748223981514188,7.369280132640331,12.964020305893959,9.01952889616639,5.950881705072973,18.075852797919975,23.51240298031001,39.85631954537986,20.442795118282643,17.779209099572522,9.762738872580643,14.963620375883096,9.55214757870924,11.390037910084883,13.978485155809409,13.591976844516628,15.568596545840542,3.4210733505192716,9.34528039610254,4.810620010119083,7.234948618385625,42.582643687615096,59.36240939636512,57.32271740445352,45.48996050287437,38.59786701092421,55.21670147589652,47.107311154258646,17.968443923330835,9.187174090600102,19.29651201178227,17.87149478929509,11.69826412024973,12.289884878590538,6.803709779278378,23.7975313685477,10.638719562674801,2.883519792578757,2.153938825719911,10.645937760288371,4.442087116056703,9.514584815810087,11.619972781061687,3.5053369159848047,8.033181989324929,12.620455629161363,12.352538509727404,16.87473271253804,3.167890262559771,10.149186109044894,10.885289273138856,0.5506932080011966,12.739742965715838,4.34681735443453,1.4763930434450452,11.21995141805318,20.15488893871378
TVC05_BWA4,20.864138205385284,6.296910048812087,0.7033483999699374,20.367001628729934,4.844128730074522,4.563414621064934,14.69809645269713,23.91158364145767,10.753782224943368,4.744563729931958,12.626130563929387,3.1517919062607396,16.748995063112158,34.103956878535534,11.892824598892652,21.01034819200739,2.0792935192985293,16.815283951461517,10.648845395017002,3.5197037921967005,22.972778077570684,20.90771209273945,5.140021824452443,25.193849589858303,14.64980217424153,64.8625029857884,7.398764295174501,10.834439234376514,2.9945727405391627,18.755357443846016,3.4795785896965445,13.260864719518324,8.241633319470449,22.846728154997884,10.250069244745356,6.628137806584324,24.78194676102949,16.872208316827315,15.883019171279898,25.98829483349424,15.539383517788401,31.61560327403092,19.80840126758778,23.19510118643171,4.384087412688778,8.619954729096213,2.609546536643526,7.868898639909528,13.247993571795098,10.972248914669711,12.911132918819636,13.180058582826618,3.361009366084778,14.1708085538558,23.615398626546877,7.937479934780849,44.52004452853334,8.266608212761145,6.5538988577751125,50.349555591035,37.27208512544831,17.39536249265325,17.819833420842507,19.430296881816144,22.75479323891804,19.349794804769687,2.0398349027813003,25.768128138248194,33.51635654954161,8.260709660456756,2.4299686880340667,3.5408665203583807,9.90973855065691,9.155017465332998,20.636910427649443,13.964774971283708,2.263943447211671,2.587484648597569,9.540925561821325,30.43052945135423,17.91176198119682,8.75330719465854,6.912364919906978,4.288903980626605,4.805004748966904,14.602426053204338,1.8016049946771524,18.66933674850145,4.978744430378669,13.825866237432866
TVC05_BWA5,17.646577151759683,18.040749328866543,3.2761543212124775,19.165284895202028,1.0431964992719502,6.979082385042571,17.713144339147714,29.181137197505414,20.434722870701908,4.517410008944429,18.315968262119245,7.640801656958109,19.550781212841766,33.967360345734306,17.1411313010898,14.794076029211283,1.287288732135614,21.036203431659004,8.63542165648869,1.489174120308029,23.85870770305357,9.678849554375724,10.050488128065306,20.724228978914407,3.0594030007095165,63.44061616915154,1.7524766049512308,9.716302754766907,7.025204792599817,20.014159260135443,1.8220436037405663,15.558595732933684,2.930161600343154,31.70404720931223,10.221277334411383,4.681479158668082,27.085184216215318,16.83678219884899,8.263493684528743,23.08233798432532,20.648933491857754,27.9638084698814,23.60537051700122,25.128003537034783,5.55460939383113,3.484127166537802,7.913138115572656,6.796836523119043,8.96179742567724,2.8448982541052934,6.347221987371675,27.024415373745384,6.334368762703378,8.077098414434412,20.3659992188859,8.376158374142769,53.53062584651622,7.81364154005293,9.916952045835565,56.531979217311175,27.2283970916968,12.669695070446522,15.932409151990957,27.692442458837732,36.73556379690231,19.822246404584813,4.298791864056145,23.351508550620444,26.143317224109946,6.110219692411387,7.689460251125326,2.9578716003607006,15.834906001152824,17.271002059307758,12.736283940614557,43.55292508040177,12.384350875735738,2.741803764842517,21.569832927162796,36.53712872931736,15.900397290722994,8.254722814850766,2.226451534252458,4.787009946878862,4.554152281294557,9.556775739792796,1.3586636943768666,24.52630895784236,2.12215733467548,4.220808030083643
TVC05_BWA7,19.286165062060594,15.05898978457338,2.2396799567286956,18.470202861535775,2.547379574997189,8.389170696816874,17.283501388144327,27.939291819486044,17.68175433415472,4.478394344242077,16.299679693503926,5.5409876077870965,20.206830663574692,32.15719759865035,15.082850610447181,16.960247210316126,1.4441921415687338,18.69942435081542,9.360782149262517,2.4754941496903387,22.688323301771668,13.432331415988655,10.7310370201609,24.759784008932154,3.1509556666891583,61.4379450927744,2.5598046092167954,6.576970160007477,3.1362995085201173,16.844257857066093,1.595099543710219,12.499627752747063,2.8359737638628975,23.644346580523134,11.83858863671133,2.5444678821446707,27.59082386171891,19.164926100571254,7.49515300691389,21.74665586836636,16.007667294638942,25.444744785870512,17.79210297636668,17.594251643072923,5.240889471105898,2.2065368060032386,6.76841527826947,7.622435181105377,8.174463853579566,2.9104119112991014,7.256845503914889,29.554137243715413,7.630751905318,10.993846181398103,19.042934707337363,7.560866514166962,50.14611002356206,6.717368519327079,8.519121490895591,58.980508806410846,30.39464468339672,14.382440959357254,17.90366910822448,28.546503908258,33.26079406383579,24.87558122709276,3.247535831514521,25.336095905586046,31.917055035243422,7.016708024701562,1.9775309961266312,7.581576917591479,14.673510928826829,14.717468532865032,27.059807708240413,24.069865089539995,2.874921964146817,3.5551967581148007,1.6922380249379212,13.397346210469289,13.545639501863358,7.7998343643574835,3.5551538894983055,8.314256575941307,11.856169847258931,9.059089669864706,2.597797147439928,31.739437352549643,4.0836617705411395,2.5498964723842796
TVC06_BWA_2,18.623430828904983,3.035582273944679,3.3746391358123726,19.032797829446334,6.890701578666648,1.0555131999962983,5.7685983452114575,14.472715554489188,11.098204242309881,12.83140772795606,25.21459671524964,10.935872053572023,18.93417091152331,30.243737711817076,9.593662024762805,1.9633111199419597,4.473364694764301,17.43555486669329,13.672233643375172,6.1572483581010085,4.535082633491269,4.743562227760774,21.723370299834816,49.44289419801312,19.958218432061717,30.241050553382763,36.06025817325209,10.283875826879498,2.181014879395649,7.8853254107031745,4.958135794740317,23.397679772043958,10.903032197253667,13.584815113873457,24.617289071188672,5.187256262290214,1.0502324258651603,7.592275678806858,8.410956553340567,12.539516809039466,31.72177443273835,42.43999574456548,14.070144112715322,3.9637459477939636,7.516359152135898,6.792328251687591,13.908077888431906,8.57402355463785,9.117755937007663,30.654378130245046,7.27092187124379,13.852580411064563,1.7514595102004744,14.924640017839266,32.62111459690221,34.74470437425974,53.36742491291572,37.042584665589274,38.489063724748526,60.59717096137026,15.537086701677442,28.83190894025351,20.100841462104448,18.957362852165605,26.14693213463642,16.743643369138546,10.618158443112186,6.281659128566414,28.805398091750007,11.95320165690409,2.9296501785059803,19.524469075860928,16.404922534421313,4.284131828574956,10.873543144693976,51.30971416785323,18.85594631855898,16.363443888838084,6.486568860747745,16.877469727290347,25.74142503454088,7.629572534683007,6.218076621856559,3.4064071483059677,4.266825494408811,4.020715953544213,12.7532405755792,3.7896391174659207,14.720095047958868,15.617627558960013
TVC06_BWA_5,18.25600514291236,3.148963544937159,1.8246973034561864,19.155047437142187,7.9417121631420216,4.144671702227056,6.754670474308216,10.829426264723406,14.268795076584974,12.812587886690995,19.994187598196877,21.739216646611297,14.315751582069558,23.37591552300169,8.114592414818063,2.8720636692118604,6.5182198428160305,15.841105121650443,10.572523666764702,6.644829282697463,4.06130848025644,2.1528797784915796,21.624740874925198,48.15687108671428,19.429329421741283,28.98800140056784,40.67174973551011,4.792819921544056,18.635958627951855,7.3161383527793635,5.860461961157275,28.183598684159335,15.225306579608791,13.506348866105869,27.899296676086273,4.040037887775346,9.73255375225023,2.6645947769777663,3.2574645975567647,19.403351902468316,30.94320495653626,46.357283345910886,11.334128872053512,1.5484766581200606,2.7631875679192954,3.3517169078059545,13.34218688536164,3.2700090021487105,10.703249396077844,26.96815608116175,12.11710293482471,20.217396183124443,6.945368044818474,17.126816852992732,26.328349685037374,33.29902780381654,47.497363234197856,40.63986003023899,36.73045025065245,59.56980434474566,21.952698210118623,27.576660524042236,17.013666896630596,14.514108172216952,25.59166311221012,16.963990753060145,11.104669446779402,6.263847422915578,41.453877719427574,10.70436919663126,1.3550601015422519,3.3602796674564184,11.655532359090072,3.591781860747874,7.136126472460513,30.618374079663234,21.91766400033275,3.0556560360043252,6.865122885844171,11.41462523968804,30.90619100995411,8.284512940855906,8.16319199133393,7.951987893376129,11.430736971513324,7.040651212168845,6.322996340840068,1.0716119045946773,6.344701582824947,8.222408562306537
TVC06_BWA_6,16.607014543465155,5.237013848185175,3.511220517873035,19.551912950259272,7.752016067869437,2.602818952787907,6.869781314779859,12.695032804293005,11.420598658582122,11.702199374950727,26.69595599204689,12.880666124711343,17.256749874091955,29.113742664866493,10.122598248519663,2.769632776107622,5.719211834742024,17.443838291576515,12.234559693872153,6.099483359115204,3.779476208059795,4.638281057106006,20.548711599924513,47.010132578170264,21.40122568425053,28.88232883551252,37.638161299060975,8.526899458071508,9.008511990946731,7.485368186180745,6.003465132975797,23.595488365637053,12.774604726639728,13.45218988806465,24.993582947538535,5.52329189915905,8.616037228785524,4.125496051271392,4.036819348641492,14.910262091444173,35.28743628738306,44.2090014507282,12.156273278074528,2.7474656041244483,4.039710806050432,7.227937162651564,13.365318187515305,7.333096757212181,6.081896595998642,29.77768479447117,9.69778556123786,16.75978877712098,2.340669234229155,13.954336460212684,26.635824462871668,32.794439806007645,49.13340422137433,40.535810682296024,38.01912362204825,60.1311773160182,19.4782652870413,26.11137465727074,17.7586062180522,15.810560120332314,25.62003293460298,16.735587782086945,12.651007466177692,5.111529312549381,35.70290924430987,8.908196130932653,1.2623136914833606,6.875900021386803,11.610117406063123,6.686916479094678,6.088280666129669,39.62423822548047,25.145224422125278,13.693714563270593,6.605791838389654,12.410411099866261,28.98473448199234,7.641528856499115,8.767717024237372,3.963362740449585,12.609475769239282,7.211079322097863,5.866140044792712,1.6866586335937546,8.396327164195,7.337141530593965
TVC08_BWA1,12.141141470723866,2.2584404165525753,15.608636421931285,25.71445181840598,13.176478651687372,17.28679421102882,1.4116183122425983,18.98865744333786,15.571670873183267,11.188650917290177,27.710555697327525,2.5874803257379146,4.3082329810369755,32.84164348527606,12.796942595364127,4.063681766161103,12.57166086089339,13.25224609776782,3.464352234711924,1.3947204018699417,14.138708578347462,1.4571384107759424,15.900113469191362,22.495299587618057,5.159484598565478,11.863035456139558,10.705257451485444,12.748285353009361,11.767163836176525,7.730736821209778,28.35139184942575,10.319386514953313,23.634212785188463,8.074273391799524,5.994542436895488,21.197445063091568,11.86016906842354,2.917440569282206,8.942837212363344,6.604412565146224,22.010455763012153,35.09712826654603,10.211176441872308,24.02761074448971,8.098096523318395,8.416757815898407,13.570066755874036,3.085419218745268,13.75141720342106,11.52724348480343,4.3512956545044625,27.580219363001373,9.410954311551093,11.436381719766688,2.156739173157303,6.759549819094316,23.99175434826828,18.820129241875,8.755277312237,47.05290858490276,30.830305336536966,13.728807274402582,10.027901855109379,31.253374289304908,16.706187402181037,6.6346787131272125,3.3949838119197686,14.40477282091356,26.79347528777951,5.651936720343903,12.831032563190561,2.0628656210991427,7.818925347748104,4.364595077064318,6.651594614271116,19.770562976546426,2.120756377875282,3.7446552832409816,2.783162687799957,30.91279794314997,16.95573437053464,4.883266269707275,10.654673204636838,3.024010385945221,6.456443763070458,6.492157280235838,4.216084780506114,15.280889313042408,8.291959798496462,9.934884738475695
TVC08_BWA3,13.677686715764233,1.4891059970571277,14.50317689434843,24.58770396625905,10.928050768136673,13.669536955060988,3.5051315601289743,19.49517472673082,17.592409838906846,8.10673162109061,23.64927327367991,2.3860517927672844,6.6479159459201576,31.613063490614262,11.913269539513282,3.2681474674355777,13.60798640308555,9.473090589529004,2.109689073043891,2.931046389649663,16.307428067828628,2.0217233143784945,16.57718442148689,20.84280647843454,3.416504053064849,8.730808809355162,11.188164106368205,11.02896955275363,8.218428669785458,6.20334693874559,28.179550484337092,10.73369417228138,23.81188041929189,1.5859771517931172,2.5937444886401404,19.047459087323066,8.291496858883269,4.484780327837976,11.643973948450661,7.585565675661114,19.370970054641905,32.828733367009725,11.685546185343531,22.225019924733097,5.903796375991438,11.340756488013989,13.275917847968184,6.010953417624826,7.612212197598773,11.046038101696693,11.882644317482297,13.270516954156049,4.470296698577566,8.657754935860684,2.063530213181699,5.409364039739447,21.217186748600536,12.1583450378689,8.047965131495284,42.060886050875666,29.935820800405033,12.74531072967348,6.855313134894352,35.20866931709816,15.859282098910532,2.824557702999497,3.602477312900688,15.885390606544147,30.088750241206053,9.052673690411503,9.280389581886718,2.0527894688912234,2.1929919251899896,5.370621114321653,6.800996073977613,5.965217066105752,4.237389897431624,5.069719934036846,3.039396370960694,18.98642123329624,22.351106357513512,4.510088176601839,12.660599361065477,3.500538387753682,8.552587916242045,6.281983387285488,4.8792203558623966,19.20390916030027,9.515132825477204,9.655633087507653
TVC08_BWA5,16.5714519744471,2.3324139260176255,1.7663546995146737,21.62995421940393,5.335922852838491,6.061207505777098,4.608717202708091,20.40223677086443,10.786658399158545,6.264231401807517,18.20869373739031,5.1370596144426175,12.237142092560555,39.360321547297296,12.418866942303179,10.514417021608086,17.240749891055064,13.962539507636523,2.612011965211518,3.3598730483907007,14.412955264204339,2.284582207005324,17.28970799018317,22.44618219934686,7.30025742695669,18.082513557878098,12.156271530322483,10.258763142362271,22.15954395061487,7.933649063847919,23.7620795599177,7.591635063279072,23.42519970043445,4.308493566808089,4.7273365727525665,12.080902669379993,10.700026038904477,7.475852073114783,10.722777667934361,13.891809307551624,16.93842163928608,30.231498624590692,11.885230121276956,15.166887841110347,6.434972463609263,14.493919938964062,15.621469015403948,6.94288139719421,14.488290587415644,21.614335848302318,11.488328182872468,7.496090614094996,2.3878414107217223,8.71205532725984,4.3114997532048704,4.698789737677837,15.711220685585653,11.523418616298917,11.060578961752222,41.13956112946453,36.16344622123269,15.656952202227902,7.114212901299072,30.84153793159835,11.12309263265142,6.6868293490044755,3.5525739824504514,13.60956482507421,26.286306697088715,5.434808408992749,9.986070146601236,2.264434280454513,7.342435097196539,2.790376898030947,7.234816191644514,17.488181057173616,3.5025971815370354,3.0282635817855987,4.393119106574844,17.696524234124144,18.07454919151253,2.2971125773607257,14.380093992355713,1.93925745691888,9.494819062468808,7.082368437209428,2.324987962830463,18.867753405628147,9.785064512320664,8.157262443297608
TVC09_BWA1,23.45962604653624,11.619281549397389,1.454716231657448,13.153555303375942,3.2367748199924935,12.169614003011008,1.6795641533381125,13.769971152880343,31.683029304402968,3.270963563304532,19.099752025554945,15.436193171773034,7.413542156459893,27.525036485191638,11.197165521596348,12.474503894599273,15.462031844359558,5.143574666765627,5.417235021434031,3.928368715098901,23.777207776045692,1.7425182757890911,19.438245164766975,28.3527374704268,1.977549001948696,33.55004343623777,17.57104893096969,9.677927587021752,8.746132822890258,15.773187640146455,8.756978257896277,17.852934078152458,10.951244295083614,14.801185421612626,26.201353635688477,7.251762288711976,3.5900006951046133,8.438638641968083,8.070302001130457,16.747559085290224,21.80814279569657,22.61061360881811,20.095208692938044,6.794665967344005,18.005958361322804,8.458465665798949,12.960219383591916,6.407080194622586,6.341592387399434,21.209670838436313,12.17622895008352,15.370919228656605,4.359444886578062,7.062654889668813,12.947506655618394,15.062588196033213,21.820247510687462,9.4948289316021,3.655694871392525,35.402844770620284,39.999891520162805,12.11055363025764,2.071419065072582,25.61387788427325,16.94584744112178,4.525842868771123,3.5949872078888525,19.64312035646537,9.477650321921006,8.676394704701805,3.8741650704619097,12.393377754853782,1.9300036068064776,7.407123993207292,8.100496305496689,24.660205683556757,2.0231904055554546,7.93868293156476,12.073286852333007,6.159339733454819,17.281790728054865,8.640243357226275,1.2583050955873825,4.316560324044841,8.752138456453514,4.417485543032846,6.150539767266729,1.0808035335125212,14.997705819159526,18.603813182656136
TVC09_BWA2,22.22600674006787,8.60879770050878,2.361760299398292,15.03015337086005,7.0175517786363635,9.378559392431509,5.1116882282662095,12.82445295830691,21.333095743049004,1.9479541145438641,15.088551675125679,15.454602582114083,3.7935374887972513,25.613819632100764,10.58130017126569,8.71077183443729,17.19861340818938,4.435826984251508,3.770570414325928,1.0010630140393417,23.95845948242993,6.8244774322045725,22.090544902389833,28.628161689509515,10.344085751112944,27.335870455695975,13.216837643096166,9.982058808485172,5.967996408179495,17.64416908181232,6.152635705211888,11.310565472944923,7.305537886501099,12.325156818820822,17.4473334147323,3.8834327918402156,9.616448639527611,8.05796300032124,12.486191409715214,10.454295718429252,13.443698260354699,20.19919068176554,19.386787029341882,8.770659697537097,12.709741165919333,9.647026068675592,6.767520534881154,3.8303875856518004,7.078266007929855,21.832845407335654,8.201792409701376,20.442919388320874,6.367321907085661,13.205333971829148,13.909969133434828,16.26426645317433,18.95379603057174,7.953375529243339,3.3201132809153253,30.425269902122686,39.37123134676714,13.293268894741994,1.7867044254859783,25.842338470892507,16.4700332339506,4.243725434593532,4.437985988599913,20.653552153419636,9.4183202448839,8.686863425170413,5.2096193477233745,14.201276460789746,2.238467801038338,7.13124247108187,9.5881312011932,23.05239647117831,2.1493034118450947,8.863303285207808,11.493949444582743,8.341913062408103,18.381697199729658,10.070737179021657,1.3190703906627916,4.971583113907287,3.5360754451697103,6.438797551930321,6.96110216949297,7.167358064943033,15.616327786297532,21.53986572626955
TVC09_BWA3,24.36272609785386,10.736803512387288,4.156103705297274,12.458248131577713,3.7565812918469104,10.635411807089463,1.1925504565404983,14.24060080974547,30.74137864869949,4.4167468231742095,19.365908145074393,12.875435916826254,7.39014063279007,28.348177865189097,11.212398594136358,13.020540708383484,14.171100651113768,4.960122344885696,5.043951457485681,5.694546209902485,24.792553576254246,1.4514988502390258,17.389713915277657,26.938286257985574,2.678643144687902,35.578463486974286,15.665751013583128,9.921555845684328,5.667759373462383,11.958922843083034,5.818113396094702,11.352047728296775,5.773763094771871,12.708143204865681,16.91947359112312,4.470707625067666,5.6357461011509375,7.646748606208972,17.300416636267745,17.886830846081207,23.04194068078543,24.010590106995988,18.821283848172776,6.664624693333937,17.302653639429458,13.127790561791581,8.817120318791329,6.348417335898099,7.64339197329492,25.354657168839967,12.59332748110248,17.035649297297166,4.889979445668648,8.160504181737023,10.835823408242387,15.830332533396719,19.854949264473237,10.181067106949586,4.532103048227624,35.19721001104392,42.10824947629363,12.966806808388,2.174142844829719,23.685936992380945,15.953233406736326,3.8358102336235365,5.248196190861274,17.280953771058563,10.10982593553644,6.870703974806166,4.548040690860376,12.627448958606774,1.366261584808775,7.632247409863725,10.238798183318965,29.390576273700987,1.3750192826006737,3.0760536213771212,10.989284587354714,2.5421241579945706,17.05912759609541,8.64692000808158,1.4832744253046997,4.79597837878469,9.826398445537164,4.465018773477389,7.489479045681967,4.033255770345916,14.65945197745618,17.077592524977447
TVC10_BWA-2,19.479373740420368,10.340976946949958,1.2545508297284444,11.690550995562226,7.660816829601924,1.656636763413747,6.154172140266747,21.330811934918167,25.43617310841878,1.8645135154823462,14.737366524031385,16.66966592947642,3.500348277942588,28.720016456842423,3.0778916629155475,3.5480995098222046,7.317702297270298,6.528343937397003,5.03809538803529,2.504936120212078,22.531477162043252,1.997301601911895,6.881163601279258,26.739491367340086,16.272727093448243,23.847939071953295,13.93410582145055,15.544191891551018,19.96734950850407,24.991805008252463,6.882384273409843,12.361853001360432,5.243755815426509,6.696397670209408,7.997047313650449,4.449191749493281,22.956630675119037,10.179280112187067,12.822249718109767,22.520073475738368,36.217980066724124,30.19504163424174,12.131030589739481,37.20442056039969,23.117306115229926,12.45977301210165,8.25856920639674,12.220533869663875,3.047841239372889,7.113293741643429,18.068063367207845,9.241842610239983,4.190880577027177,16.206195362408955,15.234743167509635,31.230988421539465,43.728165986935295,4.132418481061856,29.494406921863558,52.980948906342185,18.738642312459028,16.166266050537427,13.263103338479995,17.589958589722713,12.478390677521626,12.519780209064484,2.299876291876038,23.087092431696753,26.12383602778117,10.298493659539576,5.603386336465676,3.0796672213077545,8.899677353072912,4.304392237265905,10.297705716689428,6.314909964343921,7.090317534108957,7.038860900402069,5.367103313803673,18.359159466425577,30.463496289451918,2.631800778110822,14.149161790211995,4.296528838872909,10.492974313348531,8.480364538927873,7.406796226501465,8.240060460915169,2.7553041404485703,8.487853645483654
TVC10_BWA-3,20.840147697769787,9.600023832296651,1.033694676690972,11.585005845577674,5.7322320265962,2.00781249509679,4.256673848447202,21.993524670371052,26.71014266516678,3.1416289736393077,15.975746510360445,21.17101911039769,2.0345230050602066,27.609977047976614,3.1023888714617915,3.790865206356769,7.92169154390067,4.980811535035226,8.735240875961596,2.279880301811395,21.724414720837643,5.539491416678159,9.856858392914035,27.956330872235792,16.112820734503746,25.30058055896481,14.711074498134897,16.280805948103403,33.4154492264746,15.918356843145872,10.762763572178443,12.54366544243439,12.820827105766499,5.03941499574019,9.014427970695822,1.3446002251691254,30.470591628459548,14.588542133288804,1.9067658450527893,15.961705222687561,27.309731615795062,31.169991317526744,13.292405243602285,21.175604707324414,20.089576425364413,16.85421589397424,6.711273342192224,13.183593414130126,1.778755782093875,2.4487429229030266,16.29073975979005,6.224217273684373,4.933314968401689,16.565891846899508,15.180790415715231,31.14004636321603,42.72742256223389,4.894871018054451,28.94799497123447,53.03356796957635,16.29604970937676,14.707867344578005,9.875137702562713,20.904433691562907,13.217824742542748,10.75423105251309,2.8136930620838867,26.407999743328403,29.79366735280224,9.079206523566084,7.47725500177908,1.399284145417332,8.763305566349445,5.391514192331317,15.234838462836127,13.147536674369967,7.505069272377191,7.275916832169612,3.2558803712341042,18.490886799371847,31.66738745056878,3.7149278629816997,14.573474421497073,3.1671296608376522,11.1872872825937,7.367810361489538,4.494058546084263,17.337445749402455,4.077608929399557,7.416853574166057
TVC10_BWA-4,18.452990957022113,9.357077214749939,1.8719581841353343,12.521969653279708,7.7641354946277605,1.8269783680749045,5.832085879227239,19.76312291020352,25.67453023136464,2.398893367549229,15.325726259169858,17.572652740863408,3.3686975881576355,28.25315719856275,3.51118008972818,4.529667661690274,6.9673535966819715,6.461019265812074,5.891388872474423,2.1453945140934847,21.645777969616944,2.0984842125409924,6.860743418937306,27.440252912418725,13.70472200074538,29.311703792568547,12.600613770463541,15.281914913333585,23.817299202285007,22.86605804116202,6.4962911177175995,12.785188025081553,7.510819484834713,8.022616537229363,5.261747674022555,3.037181675701398,27.43029005782086,13.7452959634798,9.810126638733218,21.84001502387994,30.374023905717205,26.138463384901996,14.018096557379838,31.352682405255834,24.347688169222778,12.567190817786974,7.550199488620587,11.789456265924223,1.883215631738372,4.642637309605766,17.17904135571467,9.450939030791613,4.597844009174894,14.090589235181765,12.434707675346344,28.728640925723877,41.72935584254329,5.34494914993176,26.46773424250128,54.05931487211732,15.924855225957563,15.232055865328409,12.385064345838778,19.099014687932392,13.420954608061923,13.616496854833423,3.4318457287590065,22.489569355687753,25.354911558029364,9.190031034278896,6.282624632654703,1.637858990061978,8.998328888688587,5.414373256366349,13.192773442097309,13.551737191452073,7.642263072488554,7.815435245967232,5.423047009571518,14.52089261320407,29.498363917451268,3.4837310884498693,14.864707817678495,2.8481465856056043,12.425529342249137,7.012285879174155,5.052010830742361,17.98911308747353,2.9059544774983497,6.617024222296984
TVC11_bwa1,22.773674549217795,3.4577094024874695,1.4456225747931493,23.94029061492134,3.245961119750708,2.6901055334132247,7.306741800968427,29.375728024078676,24.280704024253293,0.8488662806676733,23.540877116403003,18.536637895961096,3.1670322318701714,31.691591671301662,5.45673837493777,3.3239456401543723,10.701801717747914,28.684459085333838,9.320189731694947,7.56922450504191,32.88736364659498,13.876374624274058,13.424671445807366,47.59820948561577,18.543082129582032,24.777838432858836,6.711809305762125,5.06953148669226,26.10308533813622,6.742880718582064,11.174768853327533,32.49683854246326,29.623469612136514,21.700223591229687,60.48952887412853,8.30356868979049,15.237190837262894,14.87563330716583,10.29174974426598,11.010121709329974,11.4166492200411,19.25171266656566,3.90943191989294,25.017858891221174,12.513852636408199,8.368874010507842,2.2912983801416367,4.800891521625556,9.158500725042563,1.9989868834060698,2.023309936262157,8.86517720446428,4.471178671851783,19.378778799172718,2.0405856711523875,13.60394045541431,30.002338114549968,5.861877795184895,15.09380690458936,43.04952991358688,29.846867034769456,10.901694428080916,7.696547748991188,20.080853475399913,11.12309144894773,1.7489393424614534,8.289531296013386,39.92036449915042,35.10157301281296,7.238801756833631,15.193222862167135,2.58072023895622,8.122886464378839,6.0119152878595195,11.282946662193641,28.498185780067033,2.765711254663795,3.69151579563865,5.5680222365487575,34.91664758237141,30.669662752263466,8.145393747989445,1.6313787889165654,6.688291353722141,2.4661624793203845,11.671895161941793,6.117774823407138,5.110251495749517,6.413977396698147,14.48520277997519
TVC11_bwa2,21.230927191682174,1.722660742207376,4.731077421643213,25.441793470902887,3.620738738524412,1.333235901199983,10.443743030753879,30.081856705084114,23.85266877940757,1.671843312165601,24.43994014069647,16.063837169884202,5.6490963526361275,31.367639358870253,6.974403159651823,4.075620772820974,12.190147094114987,23.155014521612195,8.409556429202338,5.62901819660095,35.019553216999185,6.043198409331645,13.006267760225192,43.48101305340478,14.996384890499955,26.103228545857814,5.01335940619031,6.846162078017462,26.982657386210256,3.902198118771723,3.2377326211375084,9.096301609863021,6.2646982416600165,9.370016919348187,5.176502501558446,13.683156152048666,9.913300500126306,12.39268702567221,10.363217354776387,12.296371797760408,11.332983053757815,23.70683312272739,3.066734426007242,19.920821905375004,17.403618204808666,6.151493548630235,4.047363852929018,3.1900391616897736,14.036884605765104,4.393813526940967,8.50083997397719,12.852763839618476,7.7558770495091744,19.674308471068112,3.5682235223974637,17.585492819726827,28.37958998670559,2.52614015806653,10.43130222446694,43.02680407736249,27.952825046262006,9.294923510331518,4.097637984938994,20.20906648834148,15.059338860587031,3.621727876529426,9.54337970730298,42.22192583610873,37.925895742997376,6.448480289660857,15.748156338273166,4.155151206649138,5.281415721995081,5.458009214821702,17.088362610650684,26.722643344459648,1.9021434690765961,2.2184219924147,3.8448074437334445,29.20164470180481,31.132578574106066,8.01039988101126,1.3902985878841194,5.466431459109626,2.4532742660365745,10.715032496230158,4.680086930911384,7.665876070937078,7.32922920196472,14.684193726770863
TVC11_bwa5,22.106529870464396,1.0630354584441355,4.189517797688722,24.851728429936845,4.46141096018991,2.7571025761691006,9.632357046950476,30.390394609465666,24.210254965092354,0.9930024857930986,24.479729640139304,14.022953105067076,5.854893287930917,32.11908071797356,5.263320606216611,3.6433306707459474,11.004741495777024,21.76344709811003,3.341246330492169,7.997289065551381,33.77558590395177,4.3054217845348735,13.083797535877453,48.93368233051225,12.966619111685885,24.44585087129721,8.437645273246313,6.656627014573855,24.22115363162968,6.620523923941752,5.92511645395294,15.81329135602642,6.722047344969195,22.413742791287042,11.278853741794707,18.146096373735208,11.77706339425249,18.86904171427248,4.76706968371576,16.982894997351725,24.949219613560576,24.069357839968834,5.223751111464067,30.810638080472533,11.24315657634509,13.921560416579718,3.407220863070884,6.17722502244791,5.939979182872848,4.351618751117835,2.5376119396903296,14.991022511904418,14.641454175055733,16.515660480077088,4.080635718912946,9.66936819779543,32.90664369975154,5.972169691866094,11.930865063968854,45.197248756649934,28.487186516020373,13.256453122310488,2.8481535704239556,19.37725400465279,15.07313454775471,4.8824197972716075,7.686150849218897,36.587157407650366,27.848264585370604,12.0014096342999,15.96239452211282,9.065554681973966,9.026376940398348,4.7553108523014505,10.409100949999843,26.11435678294996,5.654318352226212,28.574871771891598,4.667697217389057,32.26432776368654,24.278270678086713,5.6780077977613965,4.357267791810243,14.051139625164831,3.3228197697947617,14.616118791781867,13.264461727481585,3.8153648726907172,6.193500286270036,14.14257016671976
TVC12_BWA1,17.97864694643918,1.3490080350091351,1.440674402560407,18.61993892470531,1.4957607048064412,2.153223996971086,0.8153781275651608,14.173564017806601,8.899577789604082,6.35812257816829,18.122228251679367,10.663369359096356,12.50510482077957,40.031794618444835,17.09808961225067,3.586060752344207,13.125469820889814,7.054146870767396,2.795604518227566,10.940394362510993,13.43096806896128,3.64865562922029,36.84130831791876,42.28502978125976,11.952838296313965,11.305363138516745,5.359571272866768,2.2381839089923434,36.749656522018405,8.94367161689446,4.339784548993697,4.676866623218993,6.226538920263101,12.916206587360152,5.834197530272411,1.687304598081414,28.456436690763656,23.83013850857175,10.997926307700531,17.251186395132983,14.090370282559832,28.349528578522143,4.684899157018457,25.018511379903753,7.92297577439693,4.786662422541754,10.535991550769955,3.911042926371911,17.11434426340211,9.472821879238762,4.265036175822654,19.989089398820962,11.349226287001523,16.423214438365914,20.39950844035511,35.61999466358802,18.924189137204117,27.099099543359543,47.12969209924776,24.75998182928818,41.92986397558486,15.634741205453407,3.7218357136375024,26.927456900303127,16.013760852476775,5.368706737577799,6.189512843277022,23.975465593746996,43.8371435192361,7.989705706084216,1.5585702130204289,3.778273482071726,5.434292782468406,9.940828611743845,9.145248164907533,34.193970441934425,26.747395169200487,9.702854177872805,2.171123224973214,20.532032368011176,44.99804981317204,2.6174977586748076,11.365005193746578,9.547042671932347,8.705588035880938,14.056777987912385,18.103902427308974,17.598736202856255,9.403718808473435,10.889262874224032
TVC12_BWA2,17.2429009510377,0.7790744806073375,0.925925673651941,19.322285005189094,2.0882586041676627,8.247776234027036,0.6901769871564255,16.110410803740788,4.336221913209895,6.227412487090248,20.3150512904236,12.31087478165774,11.222939689643681,41.8826855622616,17.725916435792275,2.1914814998059695,11.216348092457682,2.7887602088377648,2.831346344621372,14.211446097216655,15.504423882789219,11.869667463910949,36.30035592280712,40.80005376166904,19.427557744684908,7.888134577839645,1.4808438428898447,3.8408441509168174,40.723889827359585,10.498681939508497,1.8593485045678837,10.218631019969422,6.224962929597835,14.081745002196007,18.32843840662966,8.093631583144985,21.83769746441202,2.457034537718468,9.1160058355823,12.542680362573604,12.024913890828792,28.40775459722145,10.943821576206954,14.239653450803658,5.5424314125297,5.302102875217949,9.847000076598729,1.7753658540470083,18.067144858714233,13.113611125346926,2.1143427691508814,21.69198072644853,8.600659455466516,19.99064504879037,21.609368617510057,38.77576843192897,22.826551084420117,27.9016477227211,44.34529689390635,28.21792665363587,44.09234853429893,17.97496732706876,6.128405041055581,22.602428973827166,18.46983997784939,7.293200399457794,8.74825533296644,18.301685306460588,46.88264827728271,8.31282187073501,7.740629367730052,9.583152967629973,0.6858836733188826,8.679644423999736,7.71296115363996,14.854521073631405,17.302882270468878,5.945447389858285,3.4591862489267724,22.00522317996959,45.394556813387524,2.2965030161683093,14.924166113326384,7.169703105061324,11.976067456096104,14.39984105588849,12.955766527431527,6.01448121915773,3.9890505955391324,14.40643083336427
TVC12_BWA3,19.158253702906926,2.695854788137259,2.469045801569047,16.508863416829502,0.8580512223685893,1.1583686580036516,1.0069912795658995,17.18874516134573,13.283668078276747,6.3040437045551485,19.447446304455138,12.4566889000417,14.596546657028652,37.266095389698386,16.387537473425233,4.550717802834989,12.24432411640509,7.111788771206275,6.611694950741112,7.299611158538283,14.535261240220608,2.3525762791864406,42.944917968938825,47.14002612121123,9.229772753285285,11.736036624824791,1.7206532614571708,4.2099970788286445,28.750980616138694,11.544471461073796,3.4741983788652826,9.787459607742596,4.472370822925615,9.459803723302999,5.435795764576523,6.711818518196431,17.14220009247462,4.698223965956752,11.929239968608197,19.905784975914727,13.830037349746341,26.206398701010492,6.346573376715333,23.98700865498163,6.127510345669319,11.79885126654068,11.801390331303864,1.9927070445584176,8.771049491444925,1.3916971870420272,1.4086066953520429,28.310291177945626,14.498785050291763,19.780992479252635,24.73923523907076,36.34991454032429,25.656421246683987,30.783945510261937,42.38165182364465,35.95372062816954,41.87137149151106,14.198324918746948,2.6878559810475897,25.17311613601551,15.648240856957017,4.458707392365114,7.856602480835783,15.558831031459913,45.25943502925691,6.586755712677662,6.470785612002351,10.70114837493514,5.4413562110044005,8.828630473530083,4.228811457641143,7.350087550349701,15.931534062576175,4.946820090587874,9.151089018747621,10.787597569009117,46.18773136700604,4.703698050109366,11.24620324836339,5.115428213487592,12.916971369046616,10.335612933438524,10.097057770368151,2.636146168362228,6.375605700906357,9.196354151369635
TVC13_BWA1,18.309235119950912,2.6105541837783086,16.80281604221889,14.108320737112136,0.8891437076386951,13.995236905415853,5.136605262302217,39.34885337148394,21.31030335017613,1.6472806495995749,26.88302233355386,27.89257520766485,12.714547002074264,33.6656798792453,11.865334683372861,3.7491859393283016,7.026012772605533,32.09835890997024,19.470166719598428,7.280177671568734,5.892241432553246,9.48304740429501,12.49763131073543,5.7263390132359095,3.7404094330469766,66.91072354169118,4.53851134345645,7.143595295860654,30.274238451378686,39.991712771824425,16.372236274083455,6.88160835532915,5.706466054462251,17.987311404091972,11.617719698562508,13.23378174554734,16.999297247841245,12.890574591727484,14.8718199412028,6.269594153222584,42.289314704026495,37.14909341539656,7.100353641055879,3.0569540849186123,4.36112899416969,4.791361984071277,12.223327546346756,5.851659425099691,6.877329517773219,3.129275393713088,4.46258640561785,33.22239408651988,25.247775359380814,2.0922319766453334,6.896922282264346,11.829643337840126,40.12763773781913,12.472847205457233,5.084714257830665,55.07277021135603,34.75007378737132,17.99560641070207,7.593544251578194,25.717348932936076,13.77023570276442,2.432199650719052,2.183466086387634,28.54958927063715,43.193973252432684,7.088661395935786,11.26361647390184,10.286425618671236,23.194779570102693,3.458505645365942,13.553927377065023,3.128412217185611,17.269378676187426,3.1813876578921363,4.455268965108054,16.642358038680893,46.206354500906805,5.87919460262571,10.964235300223033,13.887055638631185,8.85620566152391,13.019340257417587,19.305986532483782,17.65460359176,15.639046879722958,9.217564049675351
TVC13_BWA5,19.454073351380245,3.642722802806874,15.087143417523832,13.085828067240666,2.7620422459986744,11.748689932482582,6.65408002054889,43.6440767539399,13.988415278950516,3.840073632418501,30.804737456447008,25.357199307607146,14.987449040577173,33.909177509497624,8.532432444241582,9.844075736227417,12.200012770947069,29.110520787385045,21.223812050098193,9.17524767438976,1.3694075504127814,9.468690334091661,13.770034712492203,15.616506257835699,4.566819646604816,69.37032853234179,9.522958464768468,5.75937875451482,33.64519424085524,37.91575639345208,21.153408746330104,4.985533641917365,8.863128249742546,17.548812070063182,8.612292361654797,14.081859780817616,25.4869301072797,11.19320258680655,8.085764702485532,7.111361315968085,24.30048484810419,35.56419924570589,10.327489119403216,7.356305301493528,2.8895469721482723,1.5697093280602474,6.831215077516984,9.419837002851525,1.1481293841284148,8.326927691469995,5.173288624505608,32.78058655590427,25.03155267755596,8.354081507240023,11.012038968579501,14.950188108396773,42.87306473571427,15.126703904447506,14.28303433574584,60.42148015328816,38.36794155327204,17.977974092093657,7.285643406668488,19.52696671876676,11.771914025616585,1.9997224473223394,2.040165253667807,27.664911471003172,44.422034911051085,7.2526972467193795,11.547867281248374,11.114950984716415,24.31274973966029,2.6393643835065315,12.419350251859548,1.0040228178306503,17.876264235498954,3.033703004827305,6.1488033236593616,10.69971737387229,40.03732460767639,5.008191648642628,14.30160808232518,11.059346980586344,9.48607938075248,17.527368954287805,23.87810758486086,18.606045767969015,11.975872905582797,11.077615365690114
TVC13_BWA6,14.227008277254102,8.401265085392788,12.256760220122493,18.319071000405387,2.1208187362467283,10.495020046732783,4.057865834330292,40.83033901154346,18.400413034268713,0.7640241219424734,32.60632574597216,25.47813639194098,10.310877185611131,34.711789985497795,9.337077186517986,8.307760280956694,10.821679232232192,29.44667109840576,20.41079718079357,9.03454531719482,6.624086654264163,8.367729513426077,9.86461993084494,6.12426753241512,3.7972745057804134,67.03981306987423,10.549919168933544,8.310350200059887,27.331876554650158,38.53959105996525,18.561078470776543,10.622529307871343,9.696717499128354,16.530875059254548,12.229356626150135,17.16840492562271,14.421745186148126,13.63267060692274,5.4719796798847335,4.735959965159431,27.325363219693337,40.15167541649347,6.673838419072768,4.487949738315508,3.3394328711599046,1.8794343867592822,12.950941334233045,2.253925369196208,2.1116908347165144,5.654541043154814,9.204076896825388,34.528756136987724,25.163815016580305,9.121005607326566,7.7636067967269415,13.037479517246902,32.237565082142815,12.425755438851375,3.478337619948751,54.791480845615496,33.364519828514545,17.60583827522845,3.56444347865701,26.47840360524478,12.389257048210027,2.5429410861727977,3.8376708071605834,31.25277365721389,49.00396339721929,7.931354534489657,13.54625840787015,12.340801258232599,21.926314044118836,5.182369927695114,10.312588462123164,4.278839640226012,15.482394653857403,3.9493844103969002,5.854973620578874,15.199377724028361,46.88788808171266,6.683189650506495,10.224661920325168,13.511897415377216,6.6760931163376975,14.612267320387245,17.688119046828326,14.814133244986628,15.676698512566116,8.633522772840944
TVC14_BWA1,20.965918442849535,7.457506859556157,1.4343434403496247,16.43675249817744,5.792887606078226,3.75791198649305,7.330696440647312,26.609293339982504,30.082411165263892,8.295785241015084,29.527267876018275,32.05069744223031,13.95031993682466,29.2585007376576,1.6634886518437813,8.31237284006563,13.08526783613669,1.5944121631618786,4.075127215495989,13.284358668944883,11.192906407930584,13.093652928504786,13.863144082123211,65.67246183259525,2.7759307132177504,20.623420848506044,11.567300193073791,8.949649946652112,19.841711242286063,28.017522008191868,8.581761093077894,49.109698397737205,25.015152296900858,14.82340419468893,59.245868559902625,7.208850155705991,19.71737866794258,11.809382024900875,13.726980538857854,8.774851127976515,51.28094487571804,55.55856857687979,15.997989975391551,22.770872792361732,11.032665627626884,12.314867591686982,17.577868773251303,1.897724322319913,7.754634785994019,3.397865925311601,16.17338390729694,25.92338119210136,7.52567091923307,15.263640059242636,12.498620905774706,5.767586296736146,29.26162621712486,8.533014131904642,11.333189062009136,41.31466697212946,26.254720022069648,10.875843216047366,5.47920365029193,22.896328693098983,14.153004286467864,3.234373193223867,6.543807891427533,22.76424187835337,24.97598718648482,9.624397353040852,1.2895748434410836,6.515923229221058,11.619607781283179,6.324065805225875,11.8978987728193,5.172075280318317,24.68141669591856,4.012834254731524,1.4863940681245567,18.700969323405616,32.46909946826296,9.8571432343685,2.73152568547622,2.6124075074420827,6.372337571290993,16.065134586061625,24.30124425491065,3.8657135206940656,13.398315910053517,5.231021278109625
TVC14_BWA2,19.18702150568663,3.7552605028833033,11.251447002350787,19.995933414444647,8.350883956746552,4.600730195986771,2.6178400831105426,34.783432805394554,36.56093415250593,9.623056952355634,44.207494395022884,40.53259661641797,8.930409549746708,29.53214039826857,4.551652103137704,1.6368309066037927,10.93038221064047,0.7091616223099279,6.636913124155132,10.709489073545653,1.6020943329663493,15.78157351167132,7.855162617009033,77.26620138254953,1.5985177411206681,11.677858168779787,9.718390166925213,13.754299094878048,6.52990775576778,22.67564137010689,0.9106779625506397,10.803344536866161,2.092322521457195,21.648720421207734,3.8579037050277245,11.08143275617117,14.65554181163901,8.881020878397612,20.670961123246414,3.6344597929600106,35.53141657111819,37.973161192709256,6.0698448478125995,28.881431753818806,12.088587719384336,17.148333875419254,6.7270108060333,1.6857065902582686,1.0581780332895867,8.79577447574817,10.055504289791472,18.950776662066428,14.080057780979075,30.201810614945604,17.90834786220211,3.231624001700973,42.76585793252119,6.617634770934288,10.188738167893566,44.399647420153116,20.46727719353348,10.941996699204259,2.485474361105027,25.805105460999297,13.055881894993716,2.4706028981602115,3.370466699386991,22.546793214251753,20.614816198092683,9.763650775839599,2.718846973876768,4.207128589301335,7.321011098255373,10.526009421474521,12.990234789083797,24.28869111539038,29.41541881286181,3.07235399675767,7.100175004518065,8.47424045009012,33.107025373854825,7.42691540408731,7.890194148791952,5.765449882327019,11.86807441034728,9.833929616063696,18.75415342311488,6.699576861445168,18.722460635179054,5.472254953304853
TVC14_BWA5,22.358565303605275,5.056713795460032,4.167692594843887,16.17869640129824,7.625760725776079,1.5985957675020543,3.0361519891588022,30.938781922188422,30.272245511355266,10.646006301102775,33.63121735382168,32.982753507718385,9.659777980791068,31.7261403979844,1.8546734663777575,5.740242203971438,12.344984213878229,1.2266164622552767,4.989695714151428,12.00213961595751,5.904097468968627,15.321891262212494,12.762370239137411,72.0508363604821,2.2931869886213305,22.141070726574274,14.168782470591532,8.441328733127056,11.762320799714354,20.072291156160915,3.625237496106601,6.401683876934742,3.4697410786858516,13.455801864419193,7.050766843984088,5.865106548503144,14.584514285069966,14.230394639998238,19.257649422793136,5.374356332974218,52.854429610457856,50.33605920323232,11.73198488127552,21.373164451883977,11.95624543924897,4.314341992208644,11.96450191961058,2.3397103666433288,10.36442738620018,5.678715560048979,12.074204973480718,16.604837902056612,11.115383123598987,15.686119756852783,15.897112556105856,3.0434042706317035,39.22665263139991,3.771553752212581,8.805598769305393,47.290440060892315,23.720803843015336,12.537210487098855,1.7589075765396835,22.094925115915952,12.811620629629877,4.3834872154018525,4.252865700560226,26.831096596310374,20.96122185425909,9.136604675611594,1.803212395785312,4.715297834427197,11.513178952571701,7.218367991709452,13.782637607876937,9.667713871361936,26.09853568767198,4.017380396157985,1.9282375273565038,19.193138750449247,29.19921844844363,9.430522942790809,3.372308409058011,2.180238992457577,8.075289403169407,14.766331990789322,24.589533901288014,5.583129957972168,15.418737045818332,5.567468599138855
TVC15_BWA3,12.160198988532015,3.705786044241616,7.667976016911986,21.491082730538704,18.05798874883091,1.8029237937064193,6.246369348493367,11.696096753912274,29.41040507053358,7.90269943208716,15.134964937807748,29.119159983294043,8.804283917210448,22.51037426879503,3.0453507436346685,3.5264362619759946,10.464610976331373,10.256754931281595,2.5103370436041605,8.719412555791674,8.564237566555247,3.7893054167744262,11.072114382394298,6.060818514672879,23.904993239301362,13.039061953107156,4.56576136118686,12.331481026578274,11.774145062692565,10.344190213475292,11.192053797018474,6.044575340068178,6.139986288493575,11.359062331294583,19.98819775643392,16.714041862013115,9.057179928095632,7.270430709441863,15.914709539974437,5.396998985860143,34.952436102596344,33.542408725255214,14.137170356053572,4.38611019143152,9.675379819999453,3.7302921581591955,7.6761641243464265,1.8670511094693145,10.01814653700833,22.90090159161598,4.871061753363631,11.038516170029187,4.668883442878723,13.741805786460773,1.098434197552064,9.299623162228597,33.85528412663559,6.707615000495005,2.263824359863592,37.53236379558684,29.402774004577513,17.034866688343193,5.050238295378189,27.771848433849094,10.930636647195298,1.7837046605968907,8.887644738633169,8.552359135981598,36.48584216374617,8.38406762238002,5.2646563212256625,2.384902869953829,12.735890800124919,8.099563169533312,10.380579622622529,3.257143872423409,16.673012823001294,3.663128998484547,6.850722601915376,11.90452643514219,28.92888285293838,6.755961305954877,7.192319708172552,2.450417028832759,10.894232649541548,19.460905097795827,22.53953133341414,13.125875423666578,16.137285372571032,8.436978162144104
TVC15_BWA4,8.601905319101295,5.242707071431761,2.123379550160703,25.842547936800592,21.157147341156854,3.9479380970808338,0.9020051930954303,8.562366092390898,39.24264187377386,14.337823875829212,22.253343246030912,34.444042690081695,10.787066144779022,23.345085516007813,8.038417331890964,3.108730524180992,10.708462994188933,11.186708584129146,2.763466758283274,8.00127635660575,4.686474581338249,1.735956484105496,10.887773162007067,6.611127728077776,19.90720982992304,19.492353012075935,3.29920385781269,9.313093541194176,20.121751314083028,10.357703867362178,15.089815189684419,13.809794902005015,4.62931249189483,12.518050240780038,14.377647458312241,13.23083155617151,11.670901875718931,6.219892322618871,20.917107860335793,7.329012352666239,26.95941553588434,26.09092420565259,14.342118767693739,11.967610382555852,14.783819489595885,13.608794338586335,4.0464077266659135,2.246440920373114,13.333152913171093,28.108234870141757,7.08137779724359,8.009423926439476,9.823940517111186,14.854182376096933,1.0889586250075785,9.162669565470553,27.671068571723648,6.019551451195587,3.8555022430313723,35.25940730152258,31.372875955163238,17.10229216930861,1.583192945323171,25.790568383273676,10.114575319141482,3.0103311751095916,9.57076076064715,9.805954809974722,41.15277876142404,7.604322449932651,4.808233288388475,3.32847515777384,13.351053918921338,7.561464670240746,8.707121347796944,5.196565392951923,17.33022969018643,4.076094434096713,8.715116803789458,7.960227225564902,30.14214159598064,6.849956719540806,6.617744867812286,3.07654675821419,10.811796970383362,18.44058810748608,23.976335215409243,10.123157991469736,16.262919114931655,6.574859215581338
TVC15_BWA5,7.149751015070503,5.0560956958988506,8.759246414862021,26.037679735752292,24.3949241794441,2.652045030170465,1.2968458835090693,8.821168867276537,39.10880762830093,15.300180048097012,22.742067373202165,37.54403797214177,6.139884393919165,21.187628486947833,5.636118267857751,0.8828335134489718,9.308360431461455,9.606912913332529,7.363372171325235,8.586194433823197,7.983547232871832,4.350600183963082,12.078255642040084,5.438365109627141,24.637774888859237,22.673688498158285,3.7359037318643002,12.30822792970605,13.892485294546184,9.602541550521366,8.469623961105912,7.434133440949196,4.226422508473628,14.033504085611339,21.432486062574085,14.313755030359829,9.292452874445765,6.564657702758499,14.538169631998333,2.9500222374974547,23.545954827967456,27.25812856339501,14.516591586219835,8.234052460743055,12.093725031072443,3.14466991321229,9.226358097149,1.935968096614136,10.807175617137368,22.67259033588224,5.885502663021612,10.245806843483424,5.481817613444419,13.55837535757343,1.575875803859743,9.191555935787097,37.18762254916588,5.479666713680324,9.4479109628508,39.75431378850473,30.93859346800072,18.587177595804913,1.4663832858047323,25.374463884230806,9.320549771599236,4.5939557184376625,7.421119912734244,11.7073916572345,38.551986050152124,8.194023187392357,4.034716330421399,5.384972292071417,11.715562702233393,7.169385642380341,5.972742085729038,8.663396640887472,17.858126652417173,5.139304072357888,10.027471613115287,9.568706420964974,33.41375855613209,8.768963399951604,2.3034278998194737,4.337926983581285,11.825178350725587,11.534850180968169,17.05502926522027,3.096198501029932,18.47972510304562,5.635353635783932
TVC16_BWA3,25.627668695732563,11.389833022770436,7.852966764254373,16.783930026553858,2.7833178320851113,2.3371588705509763,8.432784193473516,29.60854696332952,43.76800404354405,0.8639835227412067,11.30417248848569,35.87944116198086,2.1133117163710717,21.701530986846315,1.7115173369052765,1.4019498495330855,5.316112414801102,11.197075782472105,5.305450843986563,7.128542831626822,9.02492060230483,17.01452814111027,10.070671306087267,23.943352433477756,14.837501342501064,24.295173080829166,13.953983606277163,12.094651777565389,3.0427011203984935,22.04997462554511,5.766235818176503,10.04602314940273,3.4667732368749644,2.66651795286497,23.688979976575187,5.079021984001031,2.0028286511463556,7.417652905991395,1.2156641516167026,7.199585363291672,28.667369805881112,48.22128427046912,13.000797530593404,8.934292037308126,1.7259330399003547,15.988028804887126,14.517052179091191,5.303032239034749,11.723626337591758,7.652711496236313,10.389777375581984,18.39224107944582,4.330251125975371,8.418776705655716,17.927615876311,7.291215111967889,31.282427422668082,2.5909647808123557,7.451140751448927,49.14197154651192,21.086021945816086,10.004550356686025,4.688554992354482,20.109670976584756,12.270592271460144,3.0402631818061585,3.124904562831838,38.627304451297654,19.302422189420433,9.059820534076662,1.307382151507309,4.877044174609104,0.8534055102108814,8.133658092200847,5.113362397023036,27.453025744848556,21.147853626043837,3.832180448184517,4.480455739392256,13.908253068945857,16.161346135789366,7.727214013316182,3.783083077229183,3.186794357679522,10.919823900856374,12.915279256622057,14.875748435717082,8.568962796199012,7.750410139834534,9.832990872732166
TVC16_BWA4,29.577931898386044,5.035632279439626,8.434843918272687,13.285524247929946,3.027447270620898,8.572066742756645,5.641819419161071,27.326535510411723,47.37037719203736,2.366108928739949,5.874050453517038,43.60844730919388,1.570529689136089,21.893237122545386,2.257174968235384,8.57202254779599,5.872640986733025,15.212953386451993,11.87803136300565,7.41114895876289,8.571964263916016,17.053267937469375,10.198903642209048,21.127953140142605,21.306037939744552,36.812474368550454,3.669877463790971,15.383867702024236,13.476712184993143,27.868693477611252,4.586170751491779,7.7263349842904185,6.4591889812256476,2.427458790413619,23.836380959283275,4.096498194563813,2.986288825721305,8.17249409365775,4.749251388898355,9.814837420228773,15.787453950359131,37.97474262411824,13.462240259235886,9.515469561615571,4.60429632409575,11.689432928646882,13.818183094958968,3.387056150291172,11.0537841792034,14.482029924492545,7.932455134512809,10.17180648818234,7.763724252536212,12.6052603953986,14.120027491525951,3.6994635743386852,28.25788331394873,6.714481658651139,6.25358460457797,51.94026009951751,21.469837341627795,9.071310481565252,6.137734541433112,17.36028325958349,12.717310980128758,1.1925437109119397,1.9164508546972032,33.490951560293965,19.35952958697595,8.13180232995809,2.906994050045304,6.572572724589237,2.9586274341883394,7.551339604043719,4.404185719659486,17.839617542566987,17.299874532767358,5.920915250729788,5.158660996232541,11.707422677877592,14.997407351653589,7.216862525673688,4.311671154632181,4.397829337047441,11.910734779610852,13.463867277179272,15.593268879052951,3.1659326152904383,6.91792685434903,9.118860765641111
TVC16_BWA5,25.893798019571495,8.753025230803173,12.236240120633532,16.787132543216135,1.1970521028354575,3.261223723084701,7.410723184465269,26.515995454468747,47.005724608309684,0.8337139930308117,8.716887763003873,33.52000319234743,1.950375802726951,24.315034394119625,1.2648159384895614,2.4059279342710695,4.664869424570431,11.508430495753107,1.8978313354194711,6.909627544526825,10.83009514990243,14.675204324229963,6.367506495820114,24.376983148927245,12.290959310884704,24.56560542116044,11.719190029902922,13.414931318067193,2.5241089728050072,21.351770842193044,6.442976208064805,6.608466525340114,6.613424375127838,2.5543209560667344,25.5514016588585,1.6537263188274691,2.234008261059084,7.6849035142339,4.337136584041149,2.6175462136988243,23.771887860109842,43.32431842308959,11.768340983915396,9.890297851878598,5.152752172795607,11.229937105320069,12.067291452764167,1.8849767925709024,13.750796614648257,13.549840385385899,7.733529434553827,13.022110231672592,5.139969599684136,10.134415196094594,18.9192885036445,7.326192461889453,30.467928301968595,2.5107389493452645,9.674566004777324,47.89399284906212,21.504957974671644,11.293927191973404,2.6065013983690184,19.476790503907438,10.861650414586235,1.564827185928065,3.1710089113043125,35.56858484936702,20.10356695561214,8.759951197062797,1.6996969177961685,6.100790657344759,1.0555290315751438,7.691655352690661,6.5439267474606275,30.06980601473014,18.82043552011966,3.7973341766970785,5.268337207301211,13.06950903527323,19.72710451790577,8.809646522586874,1.9930657130706797,1.2899779157006355,7.025878192959366,13.530387895483896,9.990306351181482,14.028191687357946,7.475603653614544,12.808708248757172
TVC17_BWA3,19.372831394705248,2.6162120006841625,0.5232184352524324,17.827773282763957,3.853724117354145,13.571071286839762,1.8901304673022172,23.84023902078313,33.40578606623051,5.770331961222865,26.077014186563765,13.94658805817131,10.255211837100857,21.842002418410434,1.3573729847985616,1.0816298103720203,12.14057064557013,29.793832531125528,2.4018729758079793,12.483006923843243,3.0767507953593736,7.088101114706182,16.756220844786938,28.489949238894805,14.476671996079093,9.83363879540461,20.361792524342775,17.95883253427941,12.609769724485442,21.436693519432087,7.530847430542073,10.95612852592168,7.4257825566089055,22.857468755852206,7.016478656470932,21.35227285845699,2.012298922526242,13.126101504786433,3.7106799666337142,11.087236521438038,45.43610318407925,63.227171212043665,1.1853812701433037,26.103004953366877,7.635429479944424,29.75011336740859,11.761709851229911,22.768776720903052,9.858715878696891,1.456125245632462,19.505563575764654,12.687916848603196,1.1754131226401943,1.7800154335542613,12.646470508393966,19.106590253787402,40.84025711149681,14.287068831482584,11.047854410694653,24.598578828526293,38.861908728212825,12.654620130543947,5.428405333691694,14.853543043840588,11.207783049642257,1.718557974797847,14.513482344745025,9.36959368131292,51.69497789735869,5.277509634732574,9.007414295917421,4.69173045546364,3.7346427179384105,11.299452562735775,8.393769605891912,16.333072737133097,15.7622957001208,7.566279248615575,15.7595471207864,7.2854962711884905,37.70619506347836,8.454952145185997,2.4549693817228784,2.0820721416022834,2.225553596309164,19.465541027662322,22.08493734469877,3.182461560163598,6.4084077870126155,9.38832726065568
TVC17_BWA4,123.25948042841628,9.698594690300524,1.6869154274463654,83.54825438588159,5.655581963248551,1.3895053677260876,32.091387351974845,1.9526386982761323,47.14270308613777,34.310232000394535,44.229025239124894,5.396173357963562,5.737210701801814,19.938489343971014,1.9452433586120605,1.9570638818695443,14.498389621498063,34.50551603361964,2.0744005682645366,11.84300381084904,2.3688856586813927,11.614258825895377,16.258640901185572,17.444993801414967,18.510391289368272,11.799545350950211,26.639690697193146,7.763277392834425,19.753580012358725,15.912502121180296,7.291611958295107,7.507574745453894,1.18591177649796,13.964902480132878,2.6708302423357964,18.170039661228657,5.309548953548074,7.7906857817433774,9.345190979540348,18.295933224260807,45.605541474651545,73.40167229995131,3.439421984832734,20.62746695848182,18.89802758768201,30.84895653836429,8.23443833552301,14.140694633126259,8.655167485587299,2.136337236035615,10.572221294045448,15.472900816705078,5.041976758278906,6.174135304987431,11.070722242817283,9.34406196931377,25.889292374253273,11.906961099011824,9.297505619935691,18.50247410312295,29.210684996447526,6.684082939988002,15.360320538282394,27.438303748494945,13.084848527098075,5.491028318181634,16.97294293809682,12.068952036090195,59.673052702099085,5.511085501872003,2.7575576547533274,8.811275605112314,0.794384477310814,9.255106554366648,3.6313430592417717,33.48883091821335,24.822542960755527,4.68030608445406,19.283311228035018,9.363693348597735,49.431909375824034,7.5502567435614765,2.61561433901079,3.5793465059250593,6.715923827534425,15.621271268231794,13.58327748440206,1.9343315838486888,7.391155467601493,6.893603699281812
TVC17_BWA5,18.36158179974751,0.5960710580119813,5.212543417339676,18.643358550752477,2.7318956700814527,4.944559229907326,3.105348275604911,18.556023309567223,35.53073726841277,4.267846904634089,22.075423941778016,21.914592175395942,6.404354890644672,20.63396107681202,1.0532657978237285,1.4621067214490568,14.575794110634575,32.246333535707315,0.5394754424874036,12.249226030152755,1.6835187373717138,7.279865038891633,17.288479974664792,22.477927798873807,15.229188669434842,17.29161795126636,24.07290633031927,11.401924226912984,22.534228497000072,15.705171329599704,9.163858564840991,6.996565829025456,1.8885742706267623,17.794897836166413,6.0184169735889,16.84966860617109,4.536365542187525,12.623505529450492,9.312981869789233,20.781700287737973,42.914241390481806,68.15256881323816,1.9874612492773918,27.282990432955735,15.315574113576691,29.128784126786854,12.05177931015233,16.941414027613853,5.450993788022936,3.1786197414183666,12.866365892024128,15.86973903442453,5.628162943512384,4.226702950483451,17.831766271761833,12.512511189242327,31.29485019438106,10.355799968866727,6.499407737045444,21.577854621629772,33.76393595532893,11.484021831387635,12.843367443006706,19.993441923012945,8.245018654805751,6.636396583603935,13.234915004186103,12.92396765935153,61.57318681051882,6.380631582624829,5.8722564720668675,13.694139064211543,2.0513257963281957,7.479915517483264,3.7562602653581427,15.829782978157324,17.31651967386039,8.64746791941013,17.536465358270945,9.208365190004766,50.00837931213691,8.153741350333188,2.8350182743647836,4.926381823962939,1.7070261086880063,14.432697871711357,12.515742378000832,8.015612607170468,10.328475316609342,9.610377225895357
TVC19_BWA3,20.172551018055355,5.135271593470758,10.657757568104723,16.28341547503212,5.160659871846239,4.705016197286079,4.407457733026971,25.585858038652724,28.785621868434035,1.3051392686999688,21.126381681185062,30.210407399685582,1.9881712696819662,30.27352521336763,9.645218546145431,1.5853632916764757,9.279514227912964,18.768847009686827,14.925864269775406,6.9029010620231785,5.599636994630536,9.506774945032891,16.38638208609557,19.192278211361895,13.323828473508119,16.445323565932554,9.89390391182995,5.680124422259261,27.962977184303533,2.978747453167537,6.206939986137268,11.95728808474318,10.50000313859438,16.13762071820222,22.472679368803433,8.03591028934168,9.294792793144053,3.213215864304508,3.924528202163839,3.3728847250601,23.50553621516845,31.895469273362206,6.605277936194385,10.390790221200527,3.34128606971975,2.845477255864519,12.425274886340102,7.0917374065944125,14.762918716119987,28.36589211655236,7.895069231178478,13.259137359575849,4.267662642317238,10.4519406243542,13.785201715770487,18.236780659378926,40.76668183157377,5.087453909884785,4.367372716857849,37.459482390348995,25.318948914750774,14.171120710939528,4.818123217736767,22.2803364601409,17.714199314766795,12.987846725932428,2.6209710602448366,22.567257906311504,37.00684922846042,8.572749806182566,2.4760989256312596,4.088133002791768,0.9852854636944184,11.621707796573002,10.063667220330844,36.2013712024816,24.549428144825477,10.784162273712566,10.09226039334515,5.243542197390456,33.373925570652226,6.011017268426587,10.449409657549635,6.325827510079968,0.9635009990833471,13.583930861806678,12.618053210275036,13.231185025939636,23.972921612743384,6.526293624704766
TVC19_BWA6,19.810391878499,3.1982707095545764,9.659886372955151,16.251374890880044,7.2575975029162185,3.3164237816240534,3.769364866963978,26.65766337966786,22.45629540022525,1.1788892909135233,21.899984273098035,21.26275694436867,2.627312657644962,29.67425051441406,6.920697112056796,6.425016572776994,9.598685326389761,18.88561756517634,12.763038582421382,8.248026212633656,3.7866158341562284,11.63605233718896,17.13271011347211,22.41039737189948,12.217247762493582,9.328317283918071,10.185544473232504,8.677657189049535,36.443239202446115,3.500624241109667,9.877523676909547,8.830072445443223,7.062020532512132,8.946267212436187,9.591293400359554,8.108518287189845,10.745283307975896,3.4750612624489063,2.5362304724794527,5.330894388166886,21.92846366080492,29.799893101100814,5.552212032992081,30.537750988632606,8.269898340022763,5.094967773306969,9.849058467049838,4.0855719028238475,16.225803171655986,21.57317177749879,8.64032823466722,15.931858263002427,11.051258491803814,14.000854523088679,12.343049386093737,10.761914795337443,40.36884433170937,2.8045002040916316,7.920580388181037,39.452635261066796,30.704554162012133,18.233551388812465,6.9007650162254635,17.32160293960205,15.793781128009604,16.535527998641882,4.90230604523387,19.425345887218775,33.09737226603417,8.759449027104084,3.124778832337044,3.3577500897412857,1.7572144865323711,12.376922444957595,15.893550923416734,39.431925157861336,25.108049199035047,23.299895405902543,8.560994825682826,3.4789528870715776,28.24253247703254,5.163431331698455,12.107157803114566,3.446241140099211,2.504885932553414,18.506571012235888,21.89340247788243,22.396001300332266,23.90981341580439,6.275486169847031
TVC19_BWA7,20.99218891897148,5.3656676588970145,8.617262599547619,15.542371531622335,5.115704455770048,3.8286854019738676,3.4146422446054174,28.563041342956552,27.74202760845967,1.8447735544402157,22.757320319927597,25.745056681935182,2.6005140115385905,29.83637414273239,8.40586971135452,5.6718201481704185,9.458243545733,16.364198893660763,9.051694392434209,6.467895265680634,6.343301275234857,7.2347746359186385,16.272041591230447,20.24091274167234,8.99655152026616,8.086611107615983,10.636672158246395,6.06686368971967,28.058986984281354,3.292896108903895,7.3870473208924246,7.131326821385597,2.956866318634066,9.728546130541956,10.80605434667155,3.7105515446237796,10.875765873717443,5.945672212490686,7.8255849739918775,6.229182505902107,25.574694627241726,29.456202278587924,5.321971228312217,18.93666199608341,7.178613638135212,6.019486359123513,11.136129252892689,3.3773405882264824,17.113189376962683,24.047147361471623,7.143639263866027,13.012355811037644,6.3161708499383975,17.118501476775435,11.614489092286496,13.685209075695205,40.05023427219575,2.580927214612254,7.6866673670317,40.6392052299098,28.476847685657432,16.2563127329539,4.681997382167075,20.130954330496962,16.35667849649804,14.240863019490472,3.49959977856256,22.896764530403146,37.14034181916496,6.861090616047958,3.9503573387957287,4.880970071901184,2.473950357749562,11.799562595584595,9.847320456766033,36.14352545138973,24.726848844938964,9.456897579381597,9.284850510631545,3.894494243774455,32.38108263005503,6.317908792311344,10.139820261365234,5.720150866134595,1.4141478843898958,14.203052582917485,13.055444894620607,13.776344091628472,24.489042901070878,5.897527065748303
TVC20_BWA2,20.10813955969039,2.8709117735133454,4.254012169047473,19.294839614255224,4.440937665694538,13.016760527768875,7.197458979348717,21.741881974878158,27.397780627490366,2.696391631415821,18.765305658394002,9.593368616971103,2.2136407956520823,15.687964067102117,7.544098346628608,3.130858076943015,17.694044341218664,36.73820165644355,4.489882905965043,12.415419962635653,5.619010183262953,3.930855427409228,13.158934030622085,13.577019255429029,12.475515663145698,30.99338787092882,15.187040239731896,11.511725204194931,13.59538934734416,8.318106409062676,4.548803926789187,19.664536058583998,5.66604082214641,9.535347813909704,26.928308180309234,13.041336920172135,10.265781385375854,3.7457434799581923,5.64914798226586,3.606430757491984,22.873828168858818,34.65732438806544,8.370714391616577,4.778869522605988,6.994351575718844,9.008043964597631,13.526514597436323,7.655579487907695,8.801494713773064,15.565324087831426,16.33689750324596,19.295331903001205,4.674533978503018,19.366442624260397,9.729863050309094,3.6675423007597896,8.191608723472147,20.994658277474624,12.219478688138054,2.4183833191101565,27.24229254713033,8.937726219548262,19.057866671506098,28.81639772988258,2.77592944206401,24.144452463496815,6.278991765516965,17.93260360833875,35.99280513926623,11.22976304156417,3.3812511584816134,10.943491996928332,6.459800304038161,3.2738607949751586,2.9165276626852106,3.8823941853196224,14.828275354310152,4.045285041319495,4.685313379382067,18.221524353970818,31.266903780998394,5.258526941352987,10.50833375122458,14.826671488144818,4.903152390198912,13.886857597585667,11.497501472738337,1.3511470337921285,12.767412876700336,5.86412597212562
TVC20_BWA5,17.153915575817827,2.7856958235236977,7.053318235893352,21.762474135003846,7.405893147151528,14.321016590333176,2.6521790711878332,16.829090746414245,24.046953275440206,4.884841662948956,22.04853948519313,4.11999578961738,2.1154112819352515,20.133571921340902,6.130266381332766,8.59081265062653,16.36439684808414,34.2863260632226,5.338413051198469,9.800938863536947,6.341550284991635,1.4050747740079945,12.278723796954424,18.937130945936925,12.047552506342011,49.01567503626161,6.4701133196219685,10.860817179603167,27.48491331910959,17.91952563227022,3.560295115527135,18.01132979277951,5.996329220626054,12.153218352123496,28.209286156672256,11.372285267622797,8.589615104984661,2.413099271682248,1.1668111312804847,2.989904264981881,30.836594200326036,33.05459054737244,9.75495769638798,11.558452282450475,8.552540436506911,8.51360296020559,9.57086782800608,15.696005454331877,7.8039526984135525,13.112206211358549,22.870459322635355,16.866529976394798,5.946286243344121,29.694112931116017,6.377520652303108,6.206907707948147,3.6046634193399956,25.87826376498225,13.279023105273618,11.269353474113322,27.72723316569031,8.191228422178979,14.690648261727342,27.48036055606428,5.48530702776308,17.360158876823036,6.064481254876778,19.190759930470033,35.50171209276522,8.034346285558259,5.370931059361783,15.803709423893578,5.937380188212158,5.779120325363034,4.919948156014205,11.908314931049103,12.25659681397213,7.735474644014087,3.5816307762992285,22.198701542120517,28.516175555799347,4.89213421749046,9.920215165966637,16.54663451683106,3.0877054099582795,12.47742546531534,9.399106897553553,1.4167096768243703,13.03548838753483,6.259973955537934
TVC20_BWA6,18.849008726284783,3.7264287752263687,1.4074640152094615,20.351122263752288,5.006701668205164,10.500169654026665,5.8163962210183175,21.592947068116853,28.352313661209458,2.9538409583403937,19.711600474079553,11.298121896241327,1.3328936184087143,14.964633087672846,6.83855823604652,2.353190994933438,17.680948212323592,38.89021534931934,3.8813480047885416,12.487795267263643,4.977965311016268,3.1799162884321435,13.04316557856167,13.78651130168944,14.346723114285627,31.268366986833264,15.178403512901053,10.246822647731323,21.96753675583988,8.961066114323218,4.010345912650418,18.899207764269445,5.786748306830521,9.678754333644877,26.560542479805324,12.440940920349277,10.231649230813126,4.153895904417233,5.629648347644855,3.034473122843086,22.48943001260538,34.3989170152513,9.664167443809607,9.351635175287877,6.426105445608154,9.543085811083275,13.061307349778197,9.97033609209768,8.546701774877661,13.329888829489803,17.442767318862174,18.73358672933505,5.517809298947034,20.55122526466389,10.823506336230452,4.3235653507739995,11.509690682296558,19.925366216913208,12.13839398168237,2.140261604962751,26.018427292556712,8.728399441980034,20.0332303266696,29.663688952203298,3.4021381472077823,25.378339411352602,4.787088187644853,22.17651242795198,38.62490287156361,12.138077307768794,2.516039106242187,10.54568890110611,6.935091800892445,1.7246884019173625,2.9732343705413897,2.692710802568804,16.61743939989973,3.391318637086912,6.221754324710583,23.00559016048451,31.288317983412682,5.999997589746704,9.567506904492292,16.410826976951736,6.295740506495052,12.180973385224867,9.18450703706278,6.514042792875139,12.382502293647708,3.2279519681125652
TVC21_BWA4,19.5171380562167,12.732270058316569,3.8845754300394364,12.338189154968507,1.9002389309867735,5.975429648737753,9.8175370187048,9.659277761751605,31.44411126106016,1.7972404381620788,7.902676236629486,25.698361426015055,1.4852257368725634,14.426727025355062,7.028155085348314,1.6959813650074085,18.670112105146533,28.330848787676903,4.259156873542816,11.535159974905753,16.600313565038867,1.8314377897869676,7.308371094926711,39.35271779644874,3.266384945184954,5.250854218566429,10.217233222530734,14.843596954499521,14.882340192969048,25.15116278894486,6.177729640853021,24.14377386646886,18.07447905002102,22.15838862080728,27.50037218601473,11.269107073353183,11.345384373972493,6.465812946134998,13.105698329402555,13.276931735152198,40.756841340474786,36.21993408203125,6.959314619461375,32.42800795107239,27.207869140563474,28.223588214382048,8.20471482815281,6.487744795891547,14.77922645574736,7.196301514871659,16.36036731196988,22.74564044518817,42.62045130652766,14.652141952514649,2.5562674928096034,33.7658458344398,37.37781742311293,3.800219765113246,24.648398533751887,38.70741023325151,28.178022631377942,7.706340122415173,12.979868819636684,32.276916224533515,12.170896038124638,10.055367571307768,2.189079101720164,26.464318792281613,34.11753449093911,8.3428709390423,8.13884698046792,2.554021704581476,15.649805290083732,8.058934275613677,14.42432205138668,11.880815528429324,11.155014038470483,2.4855860987017233,5.6612196673789335,24.035357686204296,29.584409727588778,8.356546811422994,6.707864986696551,14.347001417221561,3.7626135816497186,13.673743496210344,13.036971952069191,1.4094864115359322,10.26386764741713,5.958275281998419
TVC21_BWA6,22.66434861562754,14.386559927149824,2.311281132518797,10.874407575304684,5.491495568053167,10.173276732738753,11.940843542631631,13.357002484171014,38.79811424599554,2.9436810734450707,9.780134371965003,32.67810408154825,8.64306653637607,16.95563454735548,12.068810635043267,4.320753193311166,30.066146350668784,26.208821920523967,5.4531549549262435,14.178902801714445,13.950347194097992,5.69664115282966,7.300589047204283,41.80792247800899,3.448700233915807,8.776402040734832,19.40197167539955,17.38698125297652,14.20232560836423,19.963337224228937,12.141012706510246,20.892067751490085,11.871660106164173,11.935639371689325,17.22843342123175,12.77223863727168,8.943088197394422,3.9537425170883647,5.541205746786935,8.697157780604815,29.96468269600204,43.40500240935419,15.224857760033101,12.364497461468261,12.760202092335636,32.4182998826097,22.20820025304206,11.358106937623562,6.799672402665579,15.698904589826899,19.94296377404292,18.061587788598764,42.05243341904834,7.340002020498864,7.513165916827388,37.598386252284946,27.05259613255809,8.10366336872479,35.010460779631046,38.83233361584799,25.587157668041666,18.037564813642575,25.030301999328728,29.03144519244447,16.424995918134996,15.248214217953215,13.474606093614453,17.95164201940809,50.59467869907394,14.610560483320203,8.820090054345311,15.935504171185027,19.207302713654656,11.481177778396392,3.7432432049199154,12.221407856823722,17.808062766279495,6.84468246402597,2.7807288493232845,27.802681324849452,32.828613218508266,7.118975067875327,8.68057914055828,21.64932405859008,6.900295488000673,13.892888152061548,3.674194413916509,1.5073140590955831,9.56359268579268,7.120526752973857
TVC21_BWA7,20.409987457908663,11.686615427885089,4.51896424112023,12.030739653468855,1.5206526101254263,4.079364951506618,9.113373158093555,7.9212645593399,34.023560849028065,3.558133159322619,7.012875591904234,31.001800832451423,2.07770462400259,16.71951320818964,5.173248317414914,2.0790948921719496,17.51694539952443,24.35203908141509,11.66534950303004,8.239805797804598,15.97345057325792,6.220585189660637,6.758041224883915,38.123577183918144,3.270034016416147,26.864519759632362,15.136074475351089,6.007526020071499,34.286436394095475,23.75950697631572,6.744579370665303,15.12356057732163,11.783720202099493,14.255245819636283,17.454109284601408,7.458101911115811,18.929120044601007,15.385241313118836,7.062063117340775,4.578512226556875,40.01955627981947,38.68582658371711,19.152874104910655,50.1455884496762,24.855415565332326,6.564849072055421,28.040002892380354,13.44821714777435,23.45053837338791,35.994991959791285,14.946997527845179,13.865018637341715,11.090412195784824,12.923920695756959,2.891466637796184,33.87888422515566,37.91911295953506,3.9837216608045836,26.273302101758937,42.345525668154124,27.56674033284806,8.870971190269431,14.774677983617288,31.50486802513418,11.405155081289037,8.506441564295944,2.3530045261020067,30.47021942825466,36.93547652831952,7.217964581242895,5.112521935293006,7.228576424212604,13.654936265986683,7.91145534344198,9.976321069427016,3.9896790684300725,12.684385724546175,4.27624175787797,4.421294969361546,22.5302637794851,28.70634381911334,7.712878672721889,7.06033195550054,16.115687141781446,8.045824923626691,9.78713672837584,10.090164196120002,6.644352517841597,12.251469179008247,3.7983738509841443
TVC22_BWA2,16.384353320288028,1.4054786754429125,10.197964586792727,15.88089901812276,2.232819037030033,3.1478182761677767,3.4649947512486925,10.491725487686093,6.533975872035205,5.90021311510556,20.258341667301746,13.135230856251631,1.7002407346283916,12.596500226544165,8.880652586045247,3.347657414550515,11.12857327288382,10.104535230230338,1.4603898620454843,4.822604765100169,25.73146750751959,12.551745508677548,2.985380739798471,52.378580737200025,16.283155902628433,14.46964937193873,11.355241539102456,12.90807085476197,8.383613609306506,5.108827367155991,5.567210350512885,10.832182301224067,5.004915544415782,7.685015011493623,14.572089671371359,7.516672031113387,9.09324585573768,2.525787738112623,14.904107703198594,24.73064684724406,33.27397524735809,31.546482764426553,15.958478959171924,13.754529337088266,20.518292498215583,5.389558992661294,9.096416387890795,5.280592404834917,3.991715860711108,1.7997764145280768,7.799206523688691,13.257720694932123,3.4088907729560862,14.489306214053709,8.397474619025358,51.229109850314266,39.490894054821396,2.6194782991558494,44.518546265672114,32.87979950485964,5.809964687205968,14.940364912528853,8.852912062198534,23.97609315703205,12.528542636103579,7.6812251517918995,11.852813485978455,40.50721077640708,39.367930044479465,9.086583964123193,5.575293965503197,2.5702519841429416,1.2722303101122738,11.204616303191433,6.797007071842786,3.7453411410256736,16.815265938693436,2.009889296245919,7.23141740963634,48.02099707019745,52.710585908912726,7.378560047861185,1.7040278118296508,9.254733770189159,2.0882821408706738,12.15645756309787,4.7749646757197,18.114433707312987,6.885471072581414,2.6995770475063945
TVC22_BWA3,16.6653004431644,1.0296060461962837,9.932697440248157,16.264825330324086,3.2200003247296194,2.61652253476642,2.694320783266198,11.731622427921623,10.35370225695486,7.383343606752502,20.992300090245006,16.920404600569892,1.4136074776480922,14.097735648658997,7.130955480533384,5.652333434173467,11.656481939612794,13.126047451900323,2.0864652839903455,3.6879938750067858,25.070480803599814,12.923958976293115,4.057481170725764,53.005107596113874,17.823387873114182,13.157130319158334,10.443598493018373,13.584179316164528,7.778887073900688,5.1113553492384405,6.860715770750725,10.114629920196768,4.974528213097949,5.918434062812486,12.426000152085278,6.669884876185612,11.640672475319237,1.6667046218890815,16.191196727518367,23.184682839039795,35.5192461091961,33.60370729713534,21.0912408040841,10.860262205837985,16.767581414824914,3.864268353002956,7.778190799661584,1.5451346052952422,2.2350624143637954,4.229158168196386,6.872840365848026,16.071889372217566,2.084829423292849,18.448441962938052,6.473969170956413,48.48649990763653,42.94520463287391,2.749793445156013,45.77823255718194,32.92926688393445,5.236776758726751,16.692822612401017,12.36343551267863,23.012736589521975,11.4547649533362,8.313737636116272,6.720189869888951,31.59880047729033,35.83295075137727,8.788910824677355,9.737370813361549,3.7196219207613708,6.887967041654727,11.548982160536605,10.586052795592924,17.021062475878573,14.262815199261508,5.3269594442053565,4.346710548354015,26.96887804337157,50.09212521077374,7.947195357421107,3.816264875983723,4.5750168957347075,3.1725639631326428,13.433640079138026,9.316904314612874,23.63940404791211,4.325939807317766,4.973417826308079
TVC22_BWA4,16.63214499920663,1.5138816675602995,10.767968550423124,15.818024809419397,1.791732964475085,3.7008237541003846,3.5408089945309547,10.233241484429099,6.874502865909515,4.973105966251841,20.35618110918841,14.240574067114881,1.3402865825951098,12.98669188260299,8.957088849402421,6.263288720483586,11.461631097653731,11.171040184901589,1.7465801449420324,4.783633501662775,25.75439136075658,14.974073125798407,2.6074684411710236,53.86914727094609,16.943659928404394,14.258488742495441,9.93311808576196,14.260566413458948,10.421234050897798,5.766151328073319,6.279978523191238,11.42914140134232,5.061575260270623,8.966525452703152,19.833133245935503,5.195774880466082,6.206536901482119,3.952275615428683,15.327002597960416,25.631192422804116,36.346675141292465,33.58884358293286,14.839851574505289,13.032505306074274,20.12338836619396,6.9016843135332095,7.905103931814968,7.000165706551515,2.264659429228069,0.7748946402584931,10.141556152444801,10.882984405885695,5.24584985512433,15.433999576315975,8.93323329003667,53.83511372670433,44.34390643416651,2.7136490955145267,44.75970083796538,35.120763737183196,5.7867266901873595,14.757858923503331,8.184538401402499,23.998369835972674,12.731874235023726,5.287568623318126,10.413580607612289,36.122211360773505,36.656188567404264,8.915610251724438,9.00127303484711,3.882968613417958,5.689420772527848,11.685555348812462,10.060723682789726,14.248758105760265,15.060560396513853,4.971250174512475,2.921173061643328,42.282810374713776,50.145572421228195,7.84948135392217,2.272741064471576,6.375619159741794,3.71444950542477,12.528118230874739,6.570827794503579,22.665687448818275,5.560704714866213,5.147709461688544
TVC23,16.32015788504872,6.694707419339893,2.4497062960874687,17.423706194845217,2.0082382241499075,2.2034375811086115,3.684579320918335,15.369219374425203,7.559268111627079,12.881086776977025,19.44120484700481,3.577970532537664,1.8908047753417847,24.022907802491513,2.4293170901178156,3.0034691728289844,4.55567171577979,19.089957037249814,6.144401495642417,10.411722518055184,16.56941090648614,3.6242399458637804,14.111697916961411,30.801313880809303,4.536228016857962,19.106070053114475,18.478267960409518,16.26978742231443,6.2797175592589145,11.045322083963931,2.430042921570898,10.380679229162272,4.691169540627489,8.441117693845507,16.541978594979035,4.393411541448056,3.4335448901630143,6.088553619963451,23.88351375570575,3.243350334711445,32.20877807672741,41.79770337077021,3.9665980558950924,34.09602917629538,23.300288252691622,6.2210918486697,14.649739431949712,2.300996381333731,16.627078630854783,7.255479830127318,6.64434547192842,3.734420045834143,3.10661079328037,16.181405814643046,51.98820245098142,57.76760075659428,36.59459522302868,18.00921860562945,71.73212154192254,32.50568766871702,3.829701913531544,23.523012753626674,18.229986452361914,42.316180274847135,18.12285726562287,16.39988386422685,2.325296533570706,19.613171822353475,4.626471837747444,8.99414910396326,4.828387918229242,1.8202540175428668,1.9625971632096373,14.330295516159929,11.951359481718933,16.574670316582743,5.111611533396452,16.844507466936573,5.2732563520519475,13.674330369014184,11.377024355906885,9.034330554205237,1.835194777863697,7.978736919569737,1.3617357743596568,11.35901405394656,5.860051607854158,5.610675642791303,6.816749795663704,16.995183025286035
TVC23,16.066678617549588,6.720728800593434,2.384986484545167,16.919479598655165,2.4426924193509714,2.4711175698838477,3.3707698269717157,15.823181944948187,8.447312076410391,11.832825274120003,19.300944290073236,4.189752598951489,3.958465907918418,23.257407129360235,2.2027564756331905,1.2614109139975316,4.01056895794407,19.077973226907616,5.792978132404129,9.024985555130216,16.713120847253755,3.0951332425329543,12.583425939028164,31.643217635264595,2.862735443400897,21.002356136037456,16.471106991570117,17.880549036962098,2.862310814418002,10.861800254435034,3.496332093317937,9.751178643231018,5.906766329822452,3.5912164065145675,19.079399992683516,4.137559285141905,2.378693348801081,3.5471380506243024,24.312191510530113,4.930003216848945,33.33988637122141,40.82120787449147,3.495740110533578,32.22212753581561,25.36200912053684,7.104649505637209,13.782956124066208,2.030503292347429,17.389973633849674,5.837874931563979,5.221093179113854,3.5716692342186853,2.357222178674513,16.59564852868357,49.089582170319446,62.50616804311902,34.46787406068793,21.377918978001116,73.20139573642186,29.82656392479822,4.554793548034633,22.79457827839434,18.705053787407238,41.22872843572758,18.262095756629645,15.936254636263518,2.346127089652048,19.66114117357588,4.851865619887954,8.82822587056094,5.078503652651738,1.7992365828307544,2.6484403692082874,13.880337534632002,10.914777536875642,16.25609248486532,4.958701945010418,16.998228634777156,4.704344626945285,13.36198059545684,11.065279001903974,9.850036678995405,2.1654122597610894,7.702795713398314,1.3741007377200412,11.340292929009907,5.344895524143623,4.675212360582044,7.386475220913161,17.407238140194096
TVC23,16.208375054986544,6.957744697044635,2.65290589486399,17.454113670099563,0.9200279312218654,2.1994092726999184,3.3789960038832683,15.529986723776787,6.939352744148093,12.290841088345372,19.628043617899877,3.0372415676265456,2.5986708796503346,25.647700606848428,4.942960089915852,3.674074228571208,5.592861087489314,19.067982921876155,7.22765661024792,11.234824952612465,16.038404094496613,3.029428787827823,15.162780946698682,29.459391253410907,4.9269823388873,18.167168614198687,19.666935077365963,16.984086688819264,6.007396226464973,9.964440470940545,2.6295120098169176,9.805347774132208,5.275271247570984,7.30908926310343,17.74586843383458,4.669406022060169,2.18175836996454,4.4339662290388535,24.05504766003839,2.6823539182924985,32.00015650167481,42.096256582835096,5.5563001078413645,34.17109786827652,22.281890866488585,5.680328351637147,15.05788264262,3.491257369451979,16.017457630265675,7.716063625538707,8.345741775860644,4.040244724514487,5.15394453193839,15.74319275335157,50.892344534397125,57.54104400980592,35.65664981920541,17.867683838750416,72.20432329653566,31.68354892465509,3.7711453863126416,23.15826566734489,19.35241452207555,42.96854471533794,17.38690041262528,15.842046691525367,2.7115106044277066,19.20130071653938,4.586456456359422,8.96693305450764,5.00848771368171,1.907776640572723,2.295368076199552,14.075119053362739,11.746698473929298,16.57113054444448,4.896244913372765,16.94624246081733,5.160441246327092,12.982532647182467,11.658280175572905,9.2326089959919,2.158810704780765,8.02315523043623,1.491897935331597,11.33315018034883,5.710498881949997,5.101162470222448,7.305124831809616,17.25272230948171
TVC23_BWA5,18.213625519221324,1.4579810670278606,3.3858034541305986,14.922373196280118,10.957599835488402,2.3469992109872764,7.275026998995324,20.424937397067986,17.709532069234015,16.819311808020746,25.94460936478041,11.796891836518222,2.6002415138403028,25.585944909783244,6.131764904503683,6.1361317016473675,4.25419085828714,22.137981284243388,3.2192043832593678,9.515849993992777,8.11356637917676,2.5826588799797214,10.821846095798085,39.1744900064561,5.562491191648743,19.717961831463192,19.351604127420963,16.524174100218467,8.669502107379506,11.940298440618422,3.191861758185822,13.834458449743327,4.524827384948731,9.972342789520338,23.27459183387386,4.729379690503611,2.311177508113454,4.977726573851502,21.596586599627745,5.743473404819525,33.34617500143144,36.197372703181884,8.677900929126924,50.75067836509167,27.56271408275493,7.304533216675509,11.741138868965209,3.8851203196257065,14.528515302903443,4.177046841354046,4.2426902539521745,4.876757535309467,2.6414107559954076,21.11270599874478,6.825625888323321,23.02061472216856,73.7018392123065,5.054771967941117,31.170779693155612,59.060148796063025,5.168675794069049,22.275461555482114,17.6283038935615,42.33700485738917,10.600001949939912,11.074152836753326,3.874680195444996,25.74690643803587,19.625634659378274,7.755387287029942,7.094832109710545,2.180491573833725,1.6959368882538046,16.70947428554007,16.212349707871965,13.628158747339711,10.589997440634422,8.259340072835533,9.087781675637347,4.102187193134456,34.06956731694416,9.242735055291536,1.811834107440652,3.56082970146994,1.9866651623573117,12.81802949685495,11.355234763228777,0.8675994315193695,9.53875673037131,6.905852375215697
TVC24,18.30991461614819,5.342762281875435,5.322986518085484,17.294256792400535,1.6290230264300707,1.068858218165555,1.3870363151772762,16.167448388290136,26.71507839128083,6.892336368036586,19.929334780319476,24.466209961606282,11.267408743453446,20.557480055946243,1.7421006320394585,15.9610219870231,16.001195918729973,9.495537201288524,6.758136699365016,4.474713536282311,16.622048430789302,10.481901510807416,15.169315445381878,7.733611727255851,16.121504217970607,25.694301351436522,8.928598117938366,15.297364911956084,6.369203196453938,13.682112943479897,2.919630928023051,3.0782637917871707,11.988431142413218,4.256773801548396,17.629060718564975,17.525676491351277,16.125870031260614,4.3281667350760245,23.983908668658863,16.464574554593504,20.853300566766777,21.70958701357022,6.325260211714686,11.354136190887417,5.912814344914314,9.095441782350772,14.877456418460937,11.86403535009118,11.53422970796539,11.386964063489899,9.554129159986767,27.93540846607127,11.52041564687588,23.513667793559918,10.9821341492863,5.791169573691477,5.1787501833430625,19.52251522846288,41.595548939911566,7.4694641959158465,44.447530656812376,23.643752612508706,21.382740358992844,16.542774383356793,15.391909448058273,7.333966007694654,8.365347151937781,3.082586791791718,8.117447460123962,4.815112383170386,9.53819363298713,6.213817856028555,12.487389167218609,13.70233606986246,27.59747993849828,19.016683742249302,7.992600363001417,19.197192119479592,4.109222271725656,16.742161172707462,8.749908475039877,6.41855614971812,5.636846444323538,1.4414030138871523,3.1217739170260357,18.371045820440802,29.06841595802615,4.961773007833147,9.288902933897306,18.82518941005896
TVC24,18.490219830654578,5.199828585483074,4.132193940699144,17.05777508195356,2.0263147519815554,0.838742951711949,2.0238991078662454,15.473112353530453,27.643902680258204,6.216212638976065,20.133347099520208,24.947212990828476,11.524263972439684,21.595193226955935,2.769089506940416,16.49789809512728,16.439231317672924,9.735682037509788,6.969305115129905,4.715780333175045,17.912003404830788,11.28795815135496,15.955394243269657,8.206667738930536,14.470743124818139,26.990591255613435,9.79072712282238,14.106063675688581,2.5648667502878526,16.535451405573344,4.370579926917042,3.1106951868089343,12.996705059073838,9.982164225703883,17.256972083403582,17.074810646883137,18.23367316516194,8.337817557815574,19.761910720035466,15.554623540248327,19.713859521828173,22.7013470029517,4.672783582944807,12.009328095339125,6.922720320310223,10.789470867379878,13.873836878768898,10.295722428079758,12.852531014172458,9.553998345791225,9.150703489126387,28.294231135564385,5.813956410891834,28.030194182769172,9.814638941935057,5.262732235506319,4.575435108569912,18.702834338974412,41.76370644987981,7.332085519440434,45.36137896649752,22.20945315327885,21.253706439533804,16.531110669662677,16.251491341900678,8.964839629387454,7.96669812174548,3.6259898946245133,8.284755692485483,5.525311613920054,10.019140870796125,5.69794723877701,12.541369191032304,14.278592524776165,27.81755097381547,19.272573860265428,8.575514700435424,18.537294857329318,3.395800182903792,16.486111555185822,9.040540655948162,7.251596066803721,4.776210208399591,1.734070790101772,2.6229299044872865,19.93986049109161,27.13646470916123,4.489548129828725,8.936922947158758,19.299563310925944
TVC24,18.294331243553835,4.948402262900907,4.772436097413467,17.156887499091358,1.9888979940446254,0.7117273704095995,1.7417497698702458,16.1023443095154,27.228850552449636,6.798710612089138,20.14717785554945,24.189967184098595,12.376240924038035,20.718228651299757,2.553542090470056,17.152342203353946,14.928271120196587,9.832926348133533,5.634093055884366,5.183121898680826,18.14362020778974,12.065147713518746,15.421368633679739,7.559759201542024,12.733380521033311,27.53607566191818,10.52599923470129,14.964309107607543,4.149965636771964,15.718538918670212,4.434155305116142,4.033521142764404,12.122983755338709,10.189200985285808,18.56097653869527,15.351078144833032,15.860856029427755,8.25189972613359,22.017908709996004,16.85250848598024,17.932529921733565,23.289716825601918,4.432485028023979,11.782498005798317,6.180620313353745,10.086683402801382,14.724775606142698,10.295948981177952,12.223184853957942,10.408807129716216,8.367769344232238,28.578330841889237,6.589971280933355,25.471280644282086,10.027470936234192,4.671811529075741,4.214840828510492,20.36189735161184,41.21096118454209,7.816199868088702,45.705282821638036,21.231744858327513,21.205128997000756,15.654711591405121,17.55120336061325,7.977946888220323,8.040058059872722,3.7334331027392684,8.215735228096152,5.075338207707389,9.900747690237933,5.59446615637078,13.017072619996691,13.762766010769218,28.362794836848412,20.10619580003125,7.768346911940612,18.11979426054058,3.362655514007946,16.737198548459833,7.964695737147093,7.0331678149830115,5.002699642611027,1.8553654206077568,2.9932894589373213,19.812333889148128,27.190886648133546,4.693485915528256,8.743596615992876,19.26526243243785
TVC25,20.690601808149992,2.6009894309431743,4.567163743927148,21.706227789013578,5.656306261080874,7.3243152682290695,4.813634669061519,17.22898096940948,32.299148331418564,2.5438539977849386,13.668217516743965,23.104218993118504,2.5075004481309446,11.109505247271231,4.919864155344986,5.889372523816116,9.903448453873539,37.444689190330685,4.8565932989191785,15.143430919624402,46.42878198212984,5.354059379314335,10.316011929854252,8.198462246251449,10.608797829801386,29.775771194796242,28.553211291555012,8.08283381553358,27.16788124205393,11.12248328815807,5.3774443127892235,26.267460655025317,13.345062583028986,11.92257058369486,15.519473508442418,13.657449614602413,6.142173218613036,6.29152890689065,8.570899147508246,18.268581276076834,52.68283247508501,54.43177677775114,10.656170376408044,38.032628967028344,13.415980898478384,22.137703840584276,5.033887372062537,15.225775262841768,8.41075895277507,20.87470113968735,2.050978411441785,3.4322572065882704,6.839626243125879,14.460501349599738,4.9944816187808385,21.59892751577368,38.067967888955295,11.759633837362225,5.477868378903877,45.53850403242704,35.959748015249744,15.126658926055763,9.560805198906712,33.30726119633497,11.282755138536103,5.209791345003119,3.0639736016971644,14.524227416401274,4.763102603072755,7.214368488742974,5.050245510448109,7.355316871661318,8.171444288110049,8.77661059883793,5.300831112108733,7.259809659200422,10.237296882884925,7.347445298610121,2.4673507554679395,15.273346586889057,6.640877507177836,6.812935309375873,9.509697832331133,3.703356549842506,20.91476929923564,4.4128068806452045,10.397580241244375,3.1788988657545243,3.737648709653097,7.756399732343318
TVC25,20.699774292897597,3.07533468475396,3.3188862028447064,21.26023767598566,5.721556835723194,6.687855238264257,5.059228117635939,19.412763354368508,30.282481087879702,2.755771047943695,15.121714825233953,22.510690158063714,4.3196736993572395,12.697147324681282,3.176168991760774,5.747082607504456,11.18254087856886,37.47197292880578,4.975208933765316,15.45445975695144,46.24623320590366,6.88843696125365,10.590859082612125,7.264250362461263,11.227817163040692,30.853229895234108,29.504337947476994,11.52410466444086,25.26554619554769,11.03258929875764,10.73580834320323,18.857287012040615,17.146997319026426,9.77928359721872,19.723308761180803,10.931174909526652,3.9220483367415993,8.490390192547983,8.192323248494755,14.095826686359942,54.800236961381,53.54734099588611,13.083812256089665,37.75400578653948,13.6405907550996,21.613024442371998,5.872761561111971,14.361729516901754,6.636781961911104,21.02485102923079,1.962178462608294,3.726237352090803,6.872824063016609,14.412458164448088,2.729679184203798,20.91256760416383,41.163248812610455,10.918762825090777,8.208227041262118,47.16869914125312,34.10639575081454,15.399032320488583,7.714955898848447,34.83536373477016,13.67421453581615,5.980632215060971,3.1968527369370516,13.612574092197148,4.941848011856729,6.981239510022781,5.041574239900166,8.0695507241921,7.697722501883453,8.520013704049317,3.5949064513499085,7.601541728627953,10.155810798349028,7.968303110111844,2.5948655479164286,14.918538133529099,6.675514495508238,6.951903226531365,9.17881737116047,3.2681878588416358,21.734170806594193,4.012370707848194,9.714027400043877,3.4652392292733896,3.7499407521364363,8.547936968505383
TVC25,20.597205112839713,3.1310011111979708,4.811972357032763,21.754620067974713,5.640206303573461,7.056748568339816,5.362683065667532,18.587346333044547,31.73487723161633,2.0491273241918444,14.443857725883644,23.08408898739039,3.617615932483982,12.355554519500133,4.80378252296632,4.694904403486581,10.279426825507251,37.71687521604332,4.126974806808919,14.384067577056454,45.48774075776866,5.4298782961791,10.8569481941045,7.953110889920098,10.445732206922031,29.799576398159186,28.553303647924352,9.708513905844635,25.742093072637267,9.916384150248604,7.059634048197772,20.708563542020492,15.810314553947265,11.571599006652832,17.77205252205884,10.877974593121072,6.329258354389725,7.217526829377081,5.446572979483244,16.409483292732453,52.37499003613821,55.0354836428607,10.988744286331386,39.2859741911988,11.733366397267954,21.85132114476436,4.62262268534797,12.858368101135353,8.643525150279109,20.714272428633894,0.8818882076060715,3.500384284870252,7.3025596973016835,13.350157847535016,5.955060939090071,24.049484929408813,39.69483755022623,11.29928770099861,7.010041889169174,45.9072730322391,36.02760142884585,17.453235889978455,8.261324014832624,32.5918551520257,13.340177683438656,4.420582854997325,3.204961660211597,13.891337176931845,4.855824740804528,7.086279848251558,5.287483214372214,7.986029126601903,8.151297321930024,8.61183021619508,4.242455897891771,7.180224798535763,10.170470298392377,8.047549738400225,2.892060601768862,15.29902705370228,6.423352692630172,6.752915409740043,9.423313498880937,3.4963841906684223,21.082864922841775,4.086447593094646,9.919892271935652,3.3554722213226817,3.754884314805797,7.942825794987824
TVC26,21.350844052505412,12.529830412607486,3.7589151908273566,13.823777747088533,2.8385691839742333,1.4397012713837296,6.418688263871695,17.895903555775213,16.796329871432423,5.493687727102652,9.695127432170796,13.747533902730027,4.897880930192003,23.36708295635866,6.146241141508703,3.7295689058030814,4.921127493199829,16.003415336347604,3.5020613876173003,2.7399116568777657,15.344029619269175,6.916729263884768,7.193835066401795,74.60074347910816,8.038250846915865,9.454859178666382,12.549168051105656,14.432898182779143,12.615471188687044,16.736345849625053,3.8901427759699625,2.187753790657814,7.9806277249773885,7.488998537908678,8.163953035049243,6.677564006553937,12.017093597719931,11.288609255666602,18.521726578065795,9.974987049953858,18.948128477236487,34.57201869438772,17.652817267873516,18.943980957789677,29.28037473355254,6.300585186338588,11.110311105030856,8.737036648678453,15.291334721935938,26.925017989128957,12.230691817117064,9.24391996891123,12.24507702882593,24.807338721948128,42.96580166624833,54.87011024294651,29.527542942190824,16.257965500338948,60.7376248757929,4.212052719642038,13.00713843316452,11.398403114396823,8.044024479715791,8.675744586323997,13.291467513072572,1.8665942921213907,8.846653608324592,3.071458159703506,23.542261745627613,7.785024397024145,4.457764748432865,6.089254877746922,5.052787734170074,12.726665949576521,9.124454056971693,8.412402542588646,1.38741640134217,13.099687863294392,2.066158948600139,22.449256113283848,17.84269208124239,5.6396901039534235,9.442731757992751,4.787181767698836,4.139998763343973,15.158744015973317,16.830600877330728,3.177565896325451,5.847230033413188,15.94654669908628
TVC26,20.500017883049118,12.315140966644064,4.636958292910927,13.580165065711702,3.427297355975324,1.7116437956603647,7.147046127026541,17.62176272300513,16.36115465443037,5.489432667483364,9.703889084698861,13.164521868744789,4.444336684553595,22.76056688487181,7.031000754150034,4.623815439432336,4.694262328552224,16.80144910533526,3.5040065832915364,2.993975549971151,17.15897316402859,7.4136045636576515,8.1161328236262,74.37142256909644,7.513774786636843,8.515720598321211,13.191524688542238,17.040328269255788,11.190352693287252,17.367986270837616,5.15392646427043,0.8391223812660976,8.679199567315175,6.374940535896703,8.112060124553436,5.692817879838553,10.671440549621805,12.951937794127659,17.548686338725844,8.609103410529812,19.32809346787065,32.815338643391925,16.86322381048523,17.756993420082225,31.364347176802784,7.059229358211596,8.740599597127813,12.127817442263776,13.01937576971556,30.244409946779236,7.852104494306777,7.121041848349292,9.356671121672928,29.460358043023717,41.71496333002347,56.42746551845506,29.82512941416244,19.345459163398072,58.80466489973124,3.701315095131857,13.167101100313733,11.339283569235551,8.248954458404006,7.3311489353484705,13.17956539615553,2.0573194760328146,9.141704239552482,2.394853293268304,24.65509985260099,8.100218069344237,5.276915400314052,7.048766996149431,5.093768815704953,11.706544475632104,7.64651267737673,8.215505866174809,1.3461019963548895,13.781369306330095,3.597954580693217,21.59254263046889,19.297269946371603,6.299485527458247,9.33194392589275,5.3448974497834145,3.6707160088402486,15.118689793592308,16.188657466152257,2.719193590140482,5.833278016597904,16.002044261129278
TVC26,20.931880654441013,12.120871742063922,4.998818348353939,13.708989091347975,2.9906294221776006,1.61927203445583,6.290262844551224,18.407999568147737,16.484957264555103,6.0502347729462365,10.011883718552292,13.368585206191364,6.934521687715333,22.605106448095132,8.950067934822943,4.430308922537302,4.123306814914548,17.885269045365924,3.020928697444042,2.8175776831602772,17.601306787260775,5.594412936338003,11.478619345431198,73.73266392644742,8.920455760934937,9.18357253515303,12.201445612925964,17.46537216732474,9.928361299784731,16.64368796255802,4.56315238489715,1.648964867169755,9.07390196267733,7.157749223917839,7.7546938603258315,5.45099859849952,13.445843996414878,10.214106842933461,16.31272394833398,8.563411836088399,21.017379731563164,32.67222765262025,15.80729434613124,19.897033273593927,29.253310317659192,7.374533241868367,9.465898875480496,10.061023882854773,15.029175035075687,26.595733158525935,11.166533095363514,10.097726885823656,10.709677930885078,24.927030388947127,46.56352337301937,51.450860687382956,31.704133735556546,13.887939456951758,60.360905295100196,6.342669414639009,12.228500019802425,12.873347262116258,7.493030224328839,9.155372521212662,12.838100386040598,1.7830343844825656,8.96240504697719,3.2105211822482747,23.514009119935537,8.457713082490727,4.814725847095831,6.323088185332629,4.631309968491849,12.042694049354656,8.812157494548694,8.359391917441954,1.4898450081218542,13.273854822500207,1.8057047751395154,21.923074831410606,18.17394818220621,5.819323312128796,9.628154072896052,4.954899932623837,5.224297207312709,15.035466647478625,15.835467620118584,3.0838311455187166,5.867689564302274,16.24940035268954
TVC27,13.426616567095028,1.4101006171585602,11.315704098454228,15.11776337120682,3.0345454399968372,17.86729332399957,0.6285226893967685,14.057795110354085,13.114483110698654,11.51420691659973,21.81666438355122,5.711773489728386,5.114405963656113,17.634304482811764,4.808509819301558,8.091082695641635,22.15799595452385,26.68339341363789,12.251886860238077,6.584560651838044,19.407610016104616,16.082380748681587,16.348753985983354,11.957116564114889,15.63534863145999,12.663555442735001,23.239031079374712,7.36893056480237,13.989355814125803,5.931610354670772,8.503154306867977,16.109172801176708,12.108108201880514,7.387850324680776,21.073240515810472,4.74823405050937,2.718178790108657,10.105751065744293,4.057375401626398,14.941816483658773,19.878063334726992,34.001287956296665,10.313956083890833,2.822655318327892,0.8372398055629966,6.946221619476507,12.386467245257931,1.0905878161206657,11.253785646624035,6.818088122724015,1.0882969469199946,12.315793659400057,3.638543269332544,19.378905365496507,12.171525343056814,29.180894486514138,7.509780826391997,14.722637123255819,29.952352081551965,11.876638795858549,21.699024975759748,5.380613163849453,13.829040428738535,17.089953426846566,9.053989426589306,8.539020195419406,12.625598565479855,6.858513395175522,27.385509471098583,8.995444343091897,1.8493477183359641,5.691029072543721,0.783583894096039,10.168912452128199,7.289336206736388,12.251179843359155,8.436206723252932,9.979451579812132,10.287546471681123,17.353800539513706,33.79234727518058,6.997551993593389,4.953897922748217,21.29502683436429,2.911472303677856,10.627932775478213,3.891565484765135,17.532916206544563,4.553605325979951,16.13714441914617
TVC27,13.286832427216273,1.4939486430543651,11.488029734503103,15.295259161040653,2.8504201957382125,18.026778062446507,0.5081121889748527,14.159272020544606,13.149343716842928,11.275612915858405,21.77740231740612,5.842813960017247,4.974485497439934,17.749749876521957,5.107398509193684,8.825079874443949,22.292212100162537,26.494683845432036,12.08092398586172,6.859931981936711,19.997272467888166,15.741163559181269,16.632030691503495,11.996473449066011,16.52033134563358,12.30663849867549,22.995064287641295,7.149699455823694,13.862465743374392,5.643945062376522,7.91617522110067,16.31391140852964,12.36581892472319,7.866210763301252,20.916369550703386,5.072895612512428,2.57462652589776,9.986979578727553,3.5920188085251232,15.509579075423654,19.71313964809971,33.404091407675324,10.334828214551118,2.4727957254088495,0.8902592949655146,6.47880002674593,12.175025616387362,1.2245434795612165,11.002699924261606,6.978023605841585,1.143400338375588,12.050520826014498,3.4895916578208004,20.115282157696846,11.46551054549178,29.500921173779144,7.8881845136450774,15.032373142988718,29.423199305227993,11.597589186428014,21.659409076220907,5.1835563458760054,13.794624912287102,16.95670973331571,9.216371985499116,8.582139210803112,13.101562474567375,6.71634018833594,27.09197489080162,8.915798762583066,1.5561146310958673,5.299733510716547,1.0084383237425736,10.28850466935992,7.7694411159936445,11.901551123113176,8.768305368046391,10.025147190596755,10.583339822842223,17.39057472785183,33.75476880992657,6.902860117213926,5.17308912314536,21.340824629172463,3.1336718726492006,10.467011024178154,3.82583185789809,17.671104843033206,4.343452315354073,16.029809052311805
TVC27,13.133873879795086,1.3096493649401355,12.146520979168471,15.269674238491383,3.5630268151442754,18.44898424539143,0.6344358404596104,11.602555932699618,15.526606356324596,10.842448224666379,22.55217777167164,2.9327909059491986,5.1717420535657945,18.276767727864886,5.536658104776116,9.204753216114467,25.77791299703992,25.639717219225783,12.638984169938153,5.491723805971113,18.4571862904285,15.642806511636149,19.085508472886914,11.63810223524074,14.998411956195538,14.6580092992392,20.681229996599843,8.352151168898104,11.452004634581328,4.39922460679715,8.67225827983622,14.214112156080304,16.008742594474818,6.185040231349118,18.52792520388808,5.428740332151029,2.607281251012669,9.796755432268865,2.961870461193775,14.576625096106286,21.865091599295162,33.49030111267298,9.939831114262851,3.018608121029753,1.8398175516226185,6.525194191688564,10.731900880361174,3.2153106923803128,11.190433844567973,6.378311048595572,1.8559525387279003,12.484034526063313,4.899240560295639,17.934903286422887,13.331587976156241,30.3939596400326,10.003066797712151,14.869506920767318,28.24780933665741,10.617886592096843,21.089228533386372,6.591154571075895,13.232583635089341,16.38571540818076,10.763422840182692,8.432205682728478,14.028351727402658,7.3011505758396185,25.737964099991444,8.800511076512393,1.554354343601461,4.6421360229062545,1.1950498220253316,10.557469655934455,8.23748830398195,11.711997083912735,9.193378212000322,10.003885712639871,10.248758935582515,18.035307078027888,33.76754025143568,6.606325657497901,4.7846031282542105,22.10262223884921,3.3061325678748075,10.066924244673993,3.8122101594970497,17.629759232643927,4.213350013661303,16.520747247409496
TVC28,15.40324308681488,2.9354454288482668,2.0370627263387044,17.958514870216447,4.526747691472371,4.850866933186849,1.4014073718388875,21.577452313224473,28.168158360799154,7.354206471025944,30.785487862944603,11.276797327677409,15.791536516149838,40.52416342226664,13.090885803222656,29.30168127762278,24.096160225073497,1.543633544921875,3.413346129198869,0.8355008662541707,19.128123423258465,5.460714739332596,34.76085159111023,66.12262887318929,14.544297462145488,53.21781906827291,33.8287779490153,9.025572295506795,3.5903813837865988,13.645306566874186,16.834447347640992,21.04617044099172,13.040711293538411,10.568623816808065,28.181665015856424,18.086976557413738,12.834838826179505,12.055423621495565,10.317895048777263,2.102633919874827,22.310160761237146,38.29223283386231,17.79608017063141,19.57723865000407,5.759169354756673,16.128918672561646,7.560818969090779,19.779909453074136,7.589160166740418,19.802909230391183,8.397160718282064,8.61977644252777,10.285418896993,3.9820737698872883,21.7452303759257,40.52563924503326,14.67154272333781,8.330794007142385,25.859933628479638,1.6443598200480143,35.22539684883753,23.151894689559935,29.384679247538248,35.2886612200737,23.316582462469736,31.762594645182293,8.06891255315145,11.708415712674459,17.345500394185382,7.955187835216522,1.0177319008509318,4.758439969380697,6.082737082799276,11.522096328159174,10.682155508677164,51.96566851743062,3.7370599308013914,7.974356210072835,12.87654560811321,36.27755879020691,5.4283691399892176,9.974540033737819,11.595593274752298,6.620809172312419,3.352678101072709,11.45569018872579,12.078489531199137,1.3913041566212971,2.8071474647521972,12.42160694249471
TVC28,15.480221471540174,1.565052680215057,2.024008561153801,18.374292226106746,2.9945504038917776,5.424678345115817,2.0273534564339384,20.919718905371063,28.355037803552587,5.730509025377354,31.109088473782247,11.856224395790878,18.568376353833163,39.30613772102575,15.048323130121036,28.818443036595436,22.92437334738824,3.0242911844837423,4.406938753632486,0.7922913787924514,20.27971104699738,6.619117138517678,37.9177921171091,64.26156379495349,15.1260278906141,55.0646486759794,31.050054104960694,8.641370071744433,3.0397142407921502,14.142044069815656,18.078169115647977,19.418189050895826,13.835090307556854,10.960329771954186,28.446710767490522,18.747065951629562,12.221665926733795,12.803470831744525,8.639939080695717,3.6734867435024707,26.850694137796456,35.619304326115824,15.81204422882625,17.222719383026874,9.587440376379051,19.37796862605883,6.3547001411111985,12.57578349721675,10.010515131512467,15.477622084927802,11.153037168541733,6.30675130352682,8.328586120082408,6.763610743746465,21.109495213141248,39.227776171753604,15.458933219617727,9.003028232224134,24.699644203544878,2.414824226681067,35.68438177288044,21.881808608466265,29.894645143528376,34.707653184174276,24.03718527512891,33.12499519027009,8.694303700814443,11.466479445826643,16.123925278989635,7.54551039803393,1.3479416802221416,4.785965848942192,5.9477085717478575,11.546142421510755,10.764694434039447,51.90477087485547,4.170679137566868,7.141039220654235,14.091377139243544,36.394864318930374,4.342479346358046,11.221062136547905,10.40738022205781,6.1291694665441705,3.6987054346471417,11.772144046669103,12.525042401284587,0.9844453122694882,2.666054593361154,12.690769144466945
TVC28,15.626012852980077,1.5970956735079296,1.8854996518390934,18.221892267144334,3.5840132984134794,5.0996423864198475,2.3950316939464016,20.469116402212336,28.633067330416903,5.463031493330972,30.89766034556598,11.83346448625837,15.114571720308167,38.64994331820501,14.660364730848253,29.009545758535324,22.179045005438635,4.034867190317825,4.276423893550099,1.3813795262512845,21.12573619005157,4.228500335506498,35.435668463906346,64.82413742018909,11.063584293430274,55.675307589540914,31.34009268724129,8.96084403119436,1.9033408173285296,14.357683970953113,18.46728278192909,18.57821825136291,13.83249488524859,9.6633269182481,28.327355685342063,18.76417617100041,12.504003518030618,12.338069355238606,8.320931022590877,3.7442008034692824,23.93462683278613,37.1662135323581,15.566582600829493,18.358444024305726,9.918591165376457,22.152517568151296,5.9248512083022025,9.937989748313452,10.805796778991247,15.067848746577207,11.599666003150807,4.584276559045506,8.461997567776603,5.553047141131624,23.603809964366075,37.21748863944609,15.246749021450402,7.406046548786894,24.132523869517996,2.8385700357084906,33.357777761717294,24.360210724823983,30.142110191571174,36.46426680569865,20.955559230120755,32.27841112921047,7.6170337752598085,12.164060949240827,17.069764376517373,8.225993241997962,1.2114955902307292,4.92481547531766,5.148557476309949,11.347959399327168,10.889610567159353,52.39327659372253,3.5513779132623706,6.437200245541563,11.538364054226294,37.60866234796803,4.786262796315582,10.311132531132847,10.597394255187869,5.418342780568459,3.1332297822531925,11.490770124392228,13.232762102466012,0.5276561749625289,3.426282840427206,12.548279314506345
TVC29,21.370590020380767,1.3084705326186707,19.459677025996356,16.980710101735024,3.7721239013975834,24.644766642657885,0.6231981854485088,14.752590922542302,12.571135810456903,3.2336838177832,16.316798810096852,5.894225283163002,12.347922301371081,15.550392457142294,5.401113136261108,9.614595894941473,18.45377993963629,16.86625998523606,7.536204017646819,1.5374480869665563,25.830503716791767,25.92173998866646,12.468330891578796,118.29560734494274,0.7758999466183651,6.708414560010234,14.506609392356113,16.753459124166177,6.655345320701599,7.248963761044688,3.4828981321646397,14.871313110480745,3.064455477269997,8.578157112987867,3.546189011615586,2.3581253355717755,20.448966404166356,13.831337573708765,8.584948646879766,10.366515789943863,42.44009929568882,23.7805549651978,11.683396323363619,12.281869805571567,21.18754098443871,7.343535802183873,32.066213284260726,3.9112883324642107,1.344517676858788,15.815931759887482,10.850260743676904,10.65027575963047,4.471323333033528,9.635963117743868,26.047683014527735,40.65536348553768,14.155691632046642,21.072636839213125,66.55857053220984,13.894724783574443,16.12400142652283,18.34454910940977,7.914084030622505,12.987475019040335,12.842053287057762,11.007841731447623,1.5496960898319563,22.054839255420337,9.124390823052698,8.301076000738904,1.7180037800059376,8.175037615802658,11.128295595569915,4.411331348685154,7.154552964670249,2.292535315851766,3.540347929019852,12.736894243551916,6.785007879363588,44.428753740948984,20.645753688736267,4.606894889319561,8.752845553002985,20.519118626279184,3.546143241962826,9.666866189645106,3.4110782323130575,6.873272776651192,1.4717131623233932,15.296805624562905
TVC29,20.846290087083684,2.251481693188096,21.414906153651508,16.645656164009278,4.727136181050527,25.881649327719373,2.063884378373433,14.516608177674144,12.861996501589095,1.712030172345645,17.23073035698258,6.73214471789021,12.570040625117686,13.875713190592197,5.5154065519818545,11.068577265271818,19.05182478693388,17.23936310739523,7.494897590737954,1.529941870972999,26.856369779911784,27.4528902183341,16.1770230034163,116.6757734033357,2.003993029151666,4.01490005141394,13.853650724195568,11.497918583666662,7.755422252431826,3.615532014502335,5.725978420506485,10.791507267312937,8.793023072007209,9.375426948336788,3.1054473517423387,2.4905842657521338,17.442199130155664,16.844612529951824,4.141367194450198,5.796528771605245,42.58530101075473,25.76463857454788,15.180878406356076,9.2195609728565,20.581732272797506,7.917459271596204,30.37766232434244,2.4006511889678626,1.8285024718030212,14.196161085355792,13.825297854094272,13.240131509186606,4.158883896312215,7.603057614237013,19.629688122923692,41.22557532087434,14.91053747324405,15.999760286018358,64.72572447893037,6.078728789345961,15.398645453834959,18.04603403414901,9.845199280357239,12.882603110273648,12.042629069291488,9.61242872723821,1.530499247015093,21.991201764394617,8.504059800998222,8.320259026113254,2.044389017996091,7.564925006338191,11.304867452318378,5.095391727132864,7.31024123364067,2.3179972295024704,3.3218706904054067,12.91179404261771,3.49329253312274,44.18170942999446,23.919912593107583,5.519923509075411,8.311804903146943,22.628235808435182,2.3878966184955828,10.119039048757536,5.310214200899262,6.99585379047727,1.8184873144871578,16.4348389066247
TVC29,20.852779467700362,0.7016199489253705,21.580626611126725,17.026148794482914,4.450487904647857,26.263046162336174,1.2516516643262654,15.29455296141041,12.847156054021788,2.1729678409319413,16.918800409437583,7.325727775286016,14.093907161062324,14.403278842408534,5.161363831732146,10.477650649917054,19.810633032700174,17.942911700557516,8.578657559342307,2.78574631807863,25.364479179655156,32.68488154220498,13.720199400566335,117.75520882277867,2.559836104066536,2.7983097500120553,14.412134741000608,10.268899691042881,7.983974830440024,2.7055110646162293,4.984712974147772,12.037018372814119,4.847023829682131,7.959412224658599,4.516229502168836,5.04009533889582,20.018612925810995,12.133742933543047,4.013577124852353,5.888627172136493,43.83146097347315,28.881879141798876,13.07364097280217,12.283821584654412,21.75921996207169,3.2663566298850646,31.483061244103315,1.4676325042164062,1.6342302686371326,14.131642054286829,15.067339894365427,10.721282870924131,7.114624678158481,7.420151613158584,25.134654473963888,42.76973017294478,14.475106876755257,19.47150187630337,68.51021246815534,9.634319188535912,15.595324047752722,17.13011958385165,9.052555125153422,13.978290061368298,15.159413967237981,11.113478766926244,2.1817339655249266,20.497037936714133,10.990892356796909,8.881000530677127,2.127915494463689,9.79904838005185,10.894819292836909,5.008693556249219,8.347432823267964,2.41075456964024,4.0255936574873905,12.899787079063287,7.15684342155686,45.198989392376916,17.91756359234898,4.253388740597063,7.373099647355793,21.17593653862436,3.782818130577184,9.640404190834229,4.957919120788574,7.60829287848795,1.6843914202037806,15.881280024433012
TVC30,20.000507264674162,6.127953501772289,0.49349946128435374,14.31201482341771,7.754364059483709,11.803595973440439,7.828108048809246,21.296150667977727,8.457481036501482,0.815615948081817,12.923042869672548,13.865709445693277,5.070251558862111,42.13067684565817,21.198611362906526,5.992998302361951,15.493660708658458,20.785104396914647,5.066503880021147,15.983801072417211,22.70411790993588,5.761809892423041,37.7311693550634,36.87781317766048,4.540691763901513,18.345631921863998,21.25812361457131,6.760630516473912,6.872867251969566,9.41426858035001,13.238398615732667,12.169655107515903,1.4063607799120186,2.502607802221598,30.088382827225796,3.416400022743162,1.7096952750416827,4.882629386403344,15.09141236001795,8.480681453054109,47.38771166267597,30.92897640575062,16.033794680410182,2.178797950958525,7.5977633334388415,3.1220956003247213,18.837831528349355,2.847626347187137,2.353138213561586,16.79096784805956,1.0764844525944104,28.4698836263731,6.651391259402283,4.2393813453429985,25.728147439104465,25.159505370234655,8.493954701364533,19.700865003318825,6.0224275223233485,2.8159501380171656,45.762019990089016,24.36566490421364,13.420527260165569,27.753223771698895,14.251355743358943,15.412990471055686,2.2169187421148475,21.430002976054986,3.8483941954029492,10.01476620143849,4.366693993861025,13.356650033272988,1.4844459401797656,6.495471423322504,3.9456019322734233,6.751835652988804,3.238083119481063,11.276078089702228,9.081346108093243,1.1521673961734968,3.836827304491327,7.629818494716459,6.855143833012621,10.794612608665277,13.888288037743697,11.603018676261764,10.51797967853625,5.471904104960359,6.729222112820168,20.586295116046244
TVC30,19.943273787393416,6.5099327775206905,0.6313236527351428,13.979277413092188,7.536848568204624,12.271668057960234,8.069058933293324,21.509500872605898,8.373634662709511,0.7905726526766571,13.235449049661536,13.776994788570445,5.201749206341899,42.660813131947506,20.385452062082187,6.669054898518775,15.492113473191699,21.011473242916278,4.982822624839414,15.454995851781069,22.696390898242942,5.394025046098878,37.933500524522906,36.88008107000322,4.350606116023399,17.679343269069566,22.148060139816707,6.749185324477743,6.131931050865254,9.587752501847648,11.642884953698115,13.516002977072302,1.8337426541456536,4.595460767176614,29.336459882859227,3.840161609751329,2.894547075223821,4.887086946827008,15.024480351507028,9.009371947250894,46.59556975407895,31.275454802807968,16.098546437108947,1.636667476399049,8.845316005413974,3.695601050914732,18.772115948230727,2.043339283989945,2.9588484622395117,16.950312638714877,0.8516866393180799,28.78551923122996,6.5344892508948025,3.5594312453320796,25.456201050073098,24.981377651061077,8.220956679854567,20.16070213342018,5.507405439681653,3.0019236927601827,45.5080018906451,24.344191765797927,13.24551281237653,27.818447213278397,14.744692732975173,15.052187444304607,2.248362751530686,21.31886934471537,3.888852015232989,10.047035647544272,4.178627945721022,13.53491004341955,1.3324830671553927,6.433298469860671,3.6211348261151994,6.92391315127995,3.159149763934902,11.291646840984125,9.273662268924815,1.1834252551039144,3.7528899445462582,7.192375795514599,7.105350594403647,10.640204397600089,13.882777891084075,11.409301617697103,11.181513467068866,5.788340938942773,6.878215160705388,20.79976588932436
TVC30,20.00457454373962,6.041498263268361,0.6305053902162684,13.859571536537858,8.521597780727788,11.106682549405527,7.987244971862044,20.826767067063436,9.015453844266563,0.7716367677821369,12.151381465570479,14.278225120358112,6.306738393942665,42.269052351042056,19.54098541387249,6.7480929495196955,15.45018649989964,21.032244093313928,4.882040229439257,14.955829276523737,22.396321633174672,5.095619742629887,37.498765983587674,37.395065883744344,3.9763401940962955,17.29816073050919,21.903783580024935,7.176251703485425,5.492557203306177,9.831968686268079,10.338338280398313,15.049229118005782,2.031308296713547,6.1582093122379336,28.914896829939593,3.780350776748363,3.974152527921917,4.540628656476812,14.111161354574875,9.962687122331486,46.22316545274846,31.99112698106349,15.822974500358871,1.6456744791149787,9.116091920661436,3.3710786188859254,18.202846490631988,1.7649104644216425,3.08925320809482,17.12753665156107,1.213676000928511,29.63677195790954,5.753131032602952,3.8380658237364114,25.059731605886494,25.744564826985712,8.817330617831114,19.539665130462623,6.493705455472353,2.774896860735582,46.02116883341175,23.63872579760026,13.274958490406027,27.696547545588416,14.699207272390167,15.580665564475758,2.0762321588925654,21.61394053527123,3.599192176809041,10.049099623390825,4.363231982011109,13.315358492892935,1.4173820368217778,6.561286627250343,3.384742610865203,6.926166619636253,3.4049481898163156,11.270118546976223,9.163329114491038,1.4065193517329913,2.947788719039956,7.458475112761814,6.993321398421547,10.370715509343576,13.636474163202056,11.559835471538468,11.120732243692354,5.519471112590829,7.051526624163502,20.399862137429206
TVC32,14.85987444569173,1.6101420008721044,17.107699334127194,20.06593375376875,9.501112673017714,0.9941937271042249,0.7908196911882999,9.693355835146374,11.946843152022481,9.07375981843726,19.845741877706093,31.60277453307093,5.672591557383389,39.365887244641286,25.22106445211281,3.764748719621258,11.738560517925528,2.9117578487491134,6.361115872998958,10.649604527511407,10.317464697222606,11.435931015835386,10.643097191307675,8.922204270687072,7.6831803000586145,27.188776105592897,9.361731231904544,10.468367698576122,16.164454781198582,2.4534926438212987,7.611679856852315,6.472292879920694,2.533151717526007,12.217609239257193,5.819823425800646,2.0130647442629486,13.68186249365261,2.869819931722992,7.646677052006002,10.339835330819215,34.04124763301554,37.24138919710124,11.034224378726574,5.328556493740177,6.697920114444461,14.963386530504495,10.965735135386833,11.341505325848784,3.660207140702711,29.387703792372747,8.184373907781952,1.4739901533174278,7.283766708959197,17.3558220966143,16.404312098896128,37.82210318094265,10.334288798754487,22.84739338699265,42.30775861538465,2.061852554776775,29.922698139106455,18.20685244960769,9.516274808058098,23.173868944494682,20.154821110206655,9.798116737732641,7.376282025332475,11.52653164689616,13.627069898308015,7.774843736865232,9.760844686533483,9.771241367555179,3.927643350700834,7.8616881520791635,3.5794656106686316,12.076120287822452,4.803226181919104,11.375157015438301,6.364818586144676,9.889411388048485,8.366710268640597,7.7601583072202125,3.806845841815025,13.049354188675508,14.874953778327797,10.481792496853998,13.445401325352353,2.5499447403262505,2.587800651838135,12.374136496143752
TVC32,14.618599923750374,3.048993833225929,15.137363743928313,20.08761368947892,10.33592555371774,1.171500159187551,0.7635412712282442,11.696942660828066,11.632962072797591,8.841933490929398,22.625757055901797,29.484792288095672,5.033845201081355,40.46380804708429,25.375924874912254,4.329791764595407,11.477300967906881,2.4683799314596415,6.309444506033676,10.19193063191841,10.615880425966102,11.134986685213761,10.660165434478495,9.574296935691912,8.302603950773523,27.25409021382439,9.123921131063824,11.103443915371027,15.413908946550697,2.366301427345822,8.24837335779623,6.0620345815802885,2.4872873984962887,11.926584273028228,6.314317912655618,2.234583364186355,13.82473662538275,3.605937611105983,6.971760690334141,9.041354401955088,34.7963302385801,35.781503302919354,11.250175020202294,5.999444825151946,6.567727239097798,15.533663914491306,10.175532720327865,11.615782828418755,2.2998831394016133,29.345762337399893,8.473940575293481,0.9956691043264783,7.816897395685894,17.074830221983554,17.03933230865221,38.61262299531808,10.0437914091629,23.404458825086035,42.84341899602691,2.2733977508934973,29.880894982040783,17.74482169887527,8.655571818595527,22.616884594924123,20.189440048667308,9.296608154515303,7.796627272126133,12.05133762791113,12.17081889199333,7.502379129147481,10.165192308235753,9.234743144614566,3.7177877362154743,8.29288282415283,3.354950157898823,12.116109674206053,5.133918605455348,11.479193562622694,5.5142360647763216,9.514963952310246,9.06953425202633,8.035486663533622,3.9483333538402565,13.928776062339361,14.82602213387109,10.084273553638127,12.726021240093957,2.3966749238577845,2.6399331783955815,12.909707190312735
TVC32,14.906846469179778,0.6346770249318565,17.65895468462116,19.968878621637685,9.258147907476147,1.221921871121043,0.9224078959655616,8.789905888928388,11.989588455620805,9.040319962926198,18.163138681129876,32.42101771104938,5.730723592197411,38.73987449876747,25.423931640286174,3.7269305945423987,11.789780263057347,2.0503716490717796,6.369640619456582,9.970699937018647,10.65655206648168,10.686336140842911,10.222314112401849,9.077870217070645,8.285368807830634,26.77748860498665,8.897525102402131,10.544012450149559,15.920834715753383,1.997419053526056,7.83667859859525,6.497698098466736,2.472557370914617,12.08285755475849,6.1251203647799,2.0719914764941745,14.093850412558632,2.9025646135964034,6.905538504193059,8.399350595510754,34.296938369686714,36.64655820370451,11.144964133433508,5.690396390068038,7.0525410478367005,15.386248711604985,11.075965418749892,10.985544008281293,3.2189473120030727,29.216627461256696,7.98277369027481,2.285329579759338,7.459450434397045,17.140404893282177,17.56628927017974,38.037900501882135,9.295756098322263,23.239253718582813,42.92432638843063,2.2657491185946266,29.72802504621001,19.088621969336206,9.371468758692602,23.230924516482705,20.031054448570263,9.572988977476065,7.728739266556218,12.491617725052476,13.301134798099582,7.928664139364981,10.24445210372142,9.113426139124686,3.788943327039161,7.923864346916059,3.426659370819606,11.948886103962318,4.6323832556445605,11.777316966794352,6.247382001435045,9.380840246655492,9.00674144779924,8.20231247313355,3.5299800694627748,13.178140753443719,15.402366131156182,9.700925125485174,13.525575472786452,2.4035736808002817,2.5331120108572303,12.362780308832983
TVC33,21.41125068710862,4.441961271626641,39.159863091522375,7.716357342494661,5.992491915085198,21.874016285171546,6.598775268187617,29.40084700252766,3.2656646582923483,0.9168032212393019,17.33677615723928,9.25208252573952,13.278497889625427,28.812059242795193,6.9482750505766955,12.664022561286112,19.940277774146242,18.412766375566868,11.263446101795191,1.2672599398397335,15.325122567706536,2.395592917485205,27.016911861476448,45.88781614756847,1.4723946301913067,36.28575452396747,18.944749804683106,12.778563087626368,4.452064041844138,34.34974444604985,5.599700926875931,8.881441955662552,1.9683736848304665,14.702841577882442,16.382240605194067,1.0425375204960772,12.933824121808982,1.315862306310074,20.51214573718697,1.9106279811605031,40.64090542537458,32.04024925497479,18.924610513422962,11.732506796739106,35.49924050989027,8.58561962960262,10.088541842571429,3.264658731963276,25.977372174530835,5.2551249677920735,23.96661323340421,27.680387374476865,27.228068506608945,8.469566398781764,43.958610684466485,56.34891672410246,3.743165197935576,31.780840736538874,63.13085668366286,15.51350516192454,30.25631195761932,18.106429349300214,6.261819740584763,18.97274559920102,11.83285845705253,13.013487710554442,6.018953288711725,39.86386754609505,11.855858469833505,7.548306586246793,6.208204636594394,5.034806416347172,0.5481758110879764,11.730144284747853,7.410890588838209,31.318000694135034,4.30154919994175,17.272827201775502,4.592436984074099,12.582217574119568,2.99746570138478,5.585721902188005,7.378277041593882,15.454369051205786,4.183303205857069,11.704647451252875,8.987720978929627,1.159857008700982,9.767483220098114,16.70395110034622
TVC33,22.075549648149757,8.579706765205206,38.660351963158014,6.860416321601216,4.873698390975454,22.4021784937392,7.770850303572437,29.06041690748207,1.9465368833402468,0.9170032855458013,16.155057628633436,10.443063466997877,13.19913174423068,28.00258042719071,7.761561379797584,12.595540033353682,19.625226671492758,17.588539514681027,10.43785028755889,1.133129213149447,14.664135100609869,2.393430280871129,26.057716240476967,45.59506485283836,1.3192568615604245,37.72665217354644,16.31344114042825,11.619034816146614,7.130070671785114,33.90302685715469,6.359045348696327,8.478591205637104,2.433402310336138,13.727133718115034,18.04053132121971,0.9748805883314111,13.309590684680824,1.4072527825986119,21.302845241074305,2.505757433939677,41.2825873711964,31.513977173783097,20.906974873764188,2.271982639899873,36.89671774148326,10.377492911325685,9.183689742691026,1.6623401346641271,27.11527316158226,3.8108672924653684,22.694972289602816,32.233922948021366,25.628844037511076,2.917225153407247,42.76895646867523,58.636712125428055,3.4622444917903517,32.61434590375741,62.59139760936629,14.054328060724155,30.61594495060353,17.859184549655364,4.803349915190391,18.906344201002568,11.960016637656162,13.103546364801462,4.352405099497719,40.59913470874751,11.507639351940728,7.738166229999588,6.109126489426899,4.866963662879793,1.0917991837766903,11.463732367021096,7.078646700031677,31.553712868936493,3.428803866676288,17.36191029273941,4.023348940464309,12.74270035650642,3.456700366832835,6.073726554216235,8.003991286609056,14.74413052162833,3.875242639284962,11.588842709312537,9.850340883791294,1.291482509463795,11.098635987792667,15.8496309179534
TVC33,22.051066746292655,6.779009122224081,38.97312687029914,7.685216814279556,4.647842865614664,22.586509120842766,6.178802819586256,29.464043267987787,2.304439149205647,0.887403758649256,16.033514938125062,10.250179514052375,11.614404089912163,28.237408360436795,7.867266630369519,11.47757300750966,19.866258102040444,17.63822081164708,10.754834070535642,0.962141668039655,14.91599927913575,2.8395091075115717,26.314918957295873,45.93244021374082,2.006396692778383,37.988053725766285,17.083575829627023,11.345105965695684,5.943217284075679,33.66012333782892,5.734629637783482,8.160397248608726,1.6954428577233875,14.27654138112825,17.069790527283672,1.241688140801021,12.799489857895034,1.0650683466404203,20.823857707636698,2.661319351089852,41.62095943053386,30.760471589035458,19.45277955631415,3.972952295567781,37.818442029612406,8.225933939809837,11.124670674994825,2.1424366893276336,28.95925778682743,5.97992240281273,19.83389454370453,25.437595765387254,32.89218522277143,4.501036329874917,45.59043733196126,55.53543396613428,3.82849506962867,29.8566676518392,63.8047817098716,14.274469927662896,29.744515300329244,19.078666329102976,6.263562591776015,19.423169691522148,11.149658745539094,13.031237833083622,4.871503332186313,40.789518821334084,11.184196446859648,7.631135126132341,6.103662635598864,4.548280156320995,0.9042263737628384,11.900011140143587,8.029086896351405,31.245878269156766,3.647735733834524,17.525877269487534,4.873005145303313,12.713363665484986,3.126257392149123,5.8089753902620735,8.297220670588551,15.249234849971439,4.17713670485786,10.880063956810368,9.682396615781482,1.0308957883408145,10.67062230053402,16.208370932983975
TVC34,19.648088583450274,5.945157997878557,7.975889875470977,15.42589433140976,2.68089233157561,2.3241255052310903,4.771108167891189,16.19726075854191,24.082585946309198,3.5988372626224745,12.885319474308762,32.059375711814646,5.843426855402932,40.423894291209805,18.768929584739134,7.926939806175783,15.853650830762902,15.183723626677523,6.818340825846361,4.90686922982796,7.924454035218229,13.213149882806945,21.06411859288658,16.311241200043984,28.182931833168894,24.782968652617072,9.884113094487141,13.557428683079396,4.606545524375955,9.570567170369257,9.630480845810212,9.896986840557807,5.712214529391416,6.285275655431846,25.83849566462114,7.62602284126675,22.624379332901277,3.290964816894728,6.933029062231792,10.246281822686344,47.78893577671543,35.64030070255712,3.1835012343740954,13.273327230546892,10.454663604067774,10.742226688640633,14.487134624019111,5.999428727946331,9.512902501071851,7.577587991522759,5.49384433903645,27.832525498473768,17.207487504383952,17.971441696108002,5.429477989796511,1.2578181804378623,15.477692982093576,8.200203505312045,25.76605757183021,7.989685136264132,33.907848764326154,21.950606791321764,12.63339175391443,21.361011725203277,13.333024728666876,5.826074888779945,3.0201570718558792,23.478520272810435,20.16363842782286,10.812826915131401,5.598208016587287,6.041641830660633,0.5437735325896863,7.759484838748101,11.784207345038345,14.557916222405188,4.566057933605824,14.635941152474315,2.143025892051225,22.766194393332164,7.220220627489778,5.132370566738021,11.358926069367792,4.642599487796272,6.208423489017278,17.45675888626846,16.11862398275395,2.2717567661681124,12.820677437487337,22.78897718449229
TVC34,19.80361668949402,6.361359979493938,7.26307787147978,15.51950483917227,3.028045499459607,2.6867048775052025,4.848088597177689,15.246921359794591,24.72751671509134,2.7957557135040423,12.345718857219897,32.15207404504878,7.556401010795296,40.55874340272297,16.97936610682523,8.255398278183309,14.944743306955296,15.347007397110897,7.291084284928774,4.6158488197357475,7.67398146165592,13.659579102991085,20.5166673581319,15.580107390013959,27.80910919373178,25.55514528081182,8.714446012345963,13.068013158869089,4.436013496268739,8.774595698170208,8.60286301191481,10.324337550241843,5.364797108392915,7.452984445892358,25.271076723331397,7.688453149718499,22.467189437545752,3.464361288628401,7.634949380631208,9.263307302949501,47.77547031563973,35.62688622605627,3.343933319621787,12.985252465107907,11.260352170139985,11.420686756851985,14.28065362002141,6.73254446374773,10.014684912653848,7.1359227156215415,5.956017573546131,26.982713521393514,18.123923350227862,18.49320225338173,5.329516849725812,2.127604559461115,15.829863066049308,8.74558152395612,26.113795135681773,8.574218682980884,34.99450746481946,22.73820067010519,11.26862745947522,21.494941348935175,14.142664165508382,5.370646177855755,3.495136009086892,23.430333603468387,19.04182018332412,10.734051033974849,5.630669338926553,5.575001369192835,0.5514190459807489,7.681589987917363,12.0010505361973,14.043240920985072,4.333372158168398,14.98685549842329,1.666860762339609,22.581846758699186,8.676777301196713,5.800734547594252,11.775843020979924,4.444734386943269,5.587160346364551,16.973069881198864,17.184713664077982,1.4846627125351033,13.641812114222562,22.196626331193766
TVC34,19.738918951920805,6.617030528875498,7.592683063636739,15.501787220802631,2.4925371470306343,2.4644471084922284,5.025655669288473,13.52783023758603,25.352485822223805,3.02234056010869,10.330056252281226,32.97938520025482,6.351598589509486,39.08398367381906,18.0478507879595,8.94894293532915,15.142406280010885,15.49425947090381,7.1767132784863055,4.549099845621795,8.720459305109832,12.644094351045988,20.02769984286245,16.43431468683833,28.240573890947058,25.20522846108259,8.483469106643486,12.635615434544244,4.890383156339683,8.189509526561539,8.074742167068509,11.139117967890499,5.035086217208071,8.864380801513072,24.594893505073724,7.124534681999193,22.83326196094745,2.54439114820552,8.186345370809592,8.764299264960725,48.98921333751866,32.60426630146388,4.077876784720447,14.036496576981383,9.810265689501822,11.617361803387487,15.21573981466788,5.870098187373235,10.739605070866498,7.991344326084117,5.3170217375849145,26.195453252689997,18.3421821816023,19.35799779107191,5.064474380080303,1.1324348493290928,15.691348521142185,8.478139988318325,26.228908213498553,8.652694978526325,34.07328821678708,22.380541904667837,11.507190448440252,21.289904523087742,14.053978626224778,5.8729766716044365,3.7327000377216577,23.436388559972663,18.72517160951345,10.48949831036421,5.919403524059729,5.644196657887085,0.5059500695114593,7.703360788510823,12.334794038523501,14.109592547197035,4.406720183189952,14.846239087406765,2.261923612336993,22.412128637643107,7.633577986991896,5.237512801382324,11.74076580404169,5.066343906313874,6.768842983550237,16.988479229226733,16.17166418850102,1.893236264106626,12.772326347653042,22.663619274316833
TVC35,20.715691001319698,4.118858596244386,3.73471779782746,14.220526333821356,2.7520967936313023,15.375835060638762,1.7372719712673097,16.622643132038856,20.251207875452238,5.844062371756587,5.474977870975346,25.41218657510973,7.593430716964786,25.775357105136642,16.36878415822693,1.5108809256846965,5.933245524818378,21.460470743051857,6.3555975973352625,4.991931686714238,19.295798438432584,4.470727746670257,18.548955600142914,29.654419982418833,30.623078172957413,10.35310049982626,2.7933067354223127,7.300026357536038,3.394957177254981,1.724887821248496,7.973683099899518,17.03123763728692,5.309172338877385,11.04569281154241,21.180782142415516,16.484891947680225,35.214264659625215,9.575701222384975,9.929416423000369,5.4386822696444765,22.15977196263224,34.65891261349906,4.415501997508516,17.318116110519824,10.077121143642346,11.418844057317203,9.879033606368166,3.2865485223791,18.577183159704198,20.032574112582523,5.080349325409491,13.204602988058857,4.135013192131627,18.573292046821567,24.92016512110268,36.61020190066874,15.639926265540419,14.390858872982596,44.60259492820262,22.038976943941915,14.660792945222171,19.304301516688174,19.07698699538647,18.368258024732224,15.081071789542786,19.102831155097935,10.23965240866489,4.582713801834736,8.966850278444163,9.286784614742997,0.8552957894880311,3.778263869581072,1.132797016643377,16.91915657106031,23.135776078860353,6.465762498348336,9.68213930179253,16.007197762462667,6.6202134505222086,15.414978562771623,4.9980924717565935,9.35878512980292,1.6076783333267939,10.400324440234197,11.767036207527248,5.3917801995034065,2.4934280958673933,6.992781408357446,7.026461247830026,18.86848105086446
TVC35,20.135655001370147,6.248401672145368,6.118596891077553,14.425394350363943,1.9369742721893055,16.72825830187816,2.9636855425363327,19.80578773180848,19.362911807098193,4.346594698112625,10.609478160107702,23.547486621087874,2.889573705422098,28.19737400491369,15.412977573654311,4.43333704532417,5.462965336055596,21.559707347786624,9.533991106103183,4.8794810689306685,16.399094358794343,7.494084041986485,18.6382947820448,28.71523358243421,29.954028011516062,11.561076741892753,9.544036974190748,6.504349116489425,8.267899970910172,2.9434252783024877,4.946599935192198,21.151787061593346,4.428489431031096,25.22870861535201,20.412316931074482,11.110574214235044,25.00546590794495,21.498020040208477,23.159339705235844,6.683599323340344,22.100009260151598,32.98187049699227,4.666681775997784,18.993954651736786,8.818651703723129,13.272607163532095,4.538890621169387,6.325681772709505,14.217684303535883,25.13199132653874,5.319292733849855,9.854834675941907,5.594891483272606,20.84151743251032,23.35710960427665,38.723159745507736,11.529956853741705,16.01321335735615,42.34395295496317,23.27236092044698,16.63512047279784,16.83956384827145,16.048646454327525,16.01230396572333,14.737192762581648,20.1344974735735,9.735632816312862,6.684682306031361,10.610644135150737,9.619178190215255,1.0701188300479207,4.459031487613037,1.7283318534742118,16.430815932074314,21.783187584638288,7.3147105742748035,9.445921555716206,16.453325274054905,5.002421862124172,15.06205137688021,5.633686056798169,9.11744138551577,2.070961870415679,10.119863582361342,11.066927634259693,5.058977558156799,3.176627034247304,7.028641316432396,7.273459982122169,19.14438381182826
TVC35,20.163796461632014,5.517888613986,4.758915283856441,14.279036215340234,4.074892525403005,14.89629392388597,3.815946613431669,15.577354661093048,20.251507519637553,4.4894808380876725,5.807197478812063,24.678107539870396,3.312429992803771,26.522098918957703,16.311494601655248,1.829706837146047,6.54519714784899,21.968527463074174,7.706711208024731,4.982108019778967,17.999164088544028,5.998474468994772,20.097323844671596,30.17986310479949,29.640522890322785,14.890212177151627,4.7088118582228615,8.285683617882528,7.102940371657447,2.8024962097190116,11.009586901640512,16.57440232019466,3.485791668663523,26.84233277508413,9.417588001065745,8.678181610190471,16.679573349492472,30.42205337308488,21.64745186928914,4.52130261007345,20.643283779501743,34.55438013035258,2.9226110564606977,18.524215486468357,10.360545586778395,12.181243197665331,7.705556198543665,4.9890938746392814,18.914908251326384,22.04361080631468,3.445127295478854,11.798383681798361,3.0258877375994433,19.393379203120926,23.448635271762555,37.416866406646974,15.178123437441313,17.645084924206504,43.152079674778896,22.067397321775793,15.065645168520543,19.52224779405857,18.887270626378164,17.014550118470574,15.971972890619961,19.019867486635384,10.099291902624817,4.382680292399424,10.664540357271369,9.161308658902678,0.9102233998066541,4.427905158830485,1.7097555411917378,16.28450355305727,21.787258793895926,6.837085075189829,8.996865443290577,16.119840911926136,5.20460528109347,15.366008173182326,5.9293320324320575,9.04007566429361,2.3324502379523997,9.816676638122914,11.058418502777014,5.7411007720257965,2.921972359212978,6.533468707249715,7.5218942113469405,18.818926618130355
TVC36,13.96569134915484,3.031774236137284,5.603464057201941,19.221716049800364,1.8711073845163588,11.744868384795293,3.1938483419153414,8.731807970410161,17.432065957840013,6.385735881540797,30.185311898543002,13.051049923380093,8.642758075204092,27.796645622850388,18.973909285046368,6.99683637263386,7.932381167661848,8.080488073567487,6.155544118379061,13.002933298840242,10.996094892637648,20.34008883059763,18.731176382986014,24.192634335981435,11.387222002811107,31.701426488142634,1.7676042742773475,17.479708381850653,4.231732504286633,29.83851853834217,21.951186875625293,10.20370333464153,14.493365594846177,8.346987169132143,7.2547834523875645,2.9076654342674986,25.26758094773204,10.626569698469558,8.229164770882196,8.811708589548665,23.717656645520183,25.50037503463934,3.9698509483514557,16.65492867648417,7.787734563136618,11.615180080704645,9.384212224476109,4.062455299099901,12.149088869522968,9.549428695495653,10.534744822942066,23.368746723368442,28.51198658743879,17.713124535770238,4.07845610841509,34.93117970929426,23.240869496259897,31.420219994550887,33.589540205503766,20.46648105305415,36.44770077357628,14.68162705497845,31.566844189499186,13.897178253429962,25.576130288488724,20.42549419845959,9.337681955043745,26.5344595386886,11.918226216599669,9.243441116514589,2.5952874968295494,12.109715133997678,6.062100102150404,9.100054945369992,21.618845763221245,50.091412323178155,12.002517458086043,20.165889478689376,1.5099057879979396,20.83461670591366,10.975196105776925,7.601179749880782,8.830539250890537,4.65674652477536,11.119357052602266,13.23753522827806,16.77607266674101,1.6171539668051451,13.932291244574744,22.87365305313016
TVC36,13.413980080163766,2.364203219391423,2.795144843831833,19.72329790587537,1.3561629020637316,11.550562784878375,3.157826108132234,14.120067381254229,16.53513164319255,7.0327407491744545,32.171377671407036,5.1198844965503705,7.622169056032682,29.09743446125638,17.901139816578993,3.3428019701178235,3.8696688972588027,9.03157133575904,5.384288717824661,12.055101382927816,11.832230114545979,21.699448263354434,17.15843966540464,25.197736842850052,12.498865677632688,31.162170188418596,1.936117951708041,17.152464327823363,2.8790646746091597,30.836710773530555,22.21006607873239,9.860740578007084,13.845613896148825,8.416682868497992,7.1920242352843005,2.527316971182544,26.154712352561447,9.923306166427755,7.96771188195472,9.57578763358766,17.55967508595812,29.37791537010139,3.306713011281552,22.00442191700187,4.181344355018133,10.950713360477108,8.098397202807233,3.6576874032791102,14.247835399953766,16.484058448176754,3.4053144164610245,24.60454499107334,23.72010544563624,24.857507092053773,3.9347769356304365,33.554564423248415,22.69020786330069,30.47900874218282,34.59609513358154,19.459542972980117,34.40928342474289,14.587462687171316,31.59914051118444,16.28726525105693,23.947284532095843,19.99251884766429,6.640239951272759,27.2507640886223,13.536838993255651,9.726010205280865,2.1925083058918946,12.126842229651064,6.632102574376646,8.847596219328583,20.356243498710615,50.50518933170043,11.653679232826278,20.942865385663033,1.5017219730227558,21.04759790118461,11.263662147856987,7.258063399331073,9.263055029235764,4.050322206014772,11.611307319419446,12.614775087361593,16.827519282244968,1.509869253223618,13.747009156459388,22.458168819860777
TVC36,13.608448789360585,2.086382429078136,3.239916132897446,19.418342689406405,1.4697789652923812,11.95763252035449,3.180778735812288,12.4135472658437,17.496628269706804,7.345491270872872,31.812355350451234,7.422183759979912,8.232041967100328,28.39633440650479,18.48598679261792,3.6069157933528277,3.6852286430022425,9.093002957303636,5.398532566414956,11.798764732148912,12.355762960165228,20.640606137735606,17.151575985779605,25.37481867297545,10.592868674627557,31.6972579360691,1.7768200593579129,16.29310642527619,2.720659194943012,31.96530019622488,24.114424304949186,6.825287998610209,11.132066088170667,7.745849081271361,8.141409211961674,3.707817769678734,24.293218656802573,12.103174808508752,11.167969117049909,9.888870629384892,19.51445209836632,28.544171103906795,4.117128184297787,21.708753508791958,3.76132287356452,12.175233277531698,8.409747645344249,4.513350506418759,13.46402373128194,14.747609450576778,5.251172227957814,24.565601394894742,26.166581627156454,23.236341479171458,3.937924382399516,33.59485163188882,22.574941923528193,30.115387584199063,33.992668835567855,19.056948445506933,34.803140741485976,14.235013286827424,31.603833653536313,15.917988319508945,23.415992567834166,19.89287282838854,7.3440029687010275,27.13531112930346,12.91059839466047,9.380677432743544,2.5340425644543574,12.219919258240026,6.446761299586105,8.889117471404365,20.99914960216684,50.54685638587226,10.967892137453182,20.73843115930022,1.5246527459886339,20.831520424598885,11.666273608103923,7.303487054875626,9.309212176387389,4.208522757304084,11.554023624759461,12.609429865085518,16.49151896283389,1.4111630127670292,13.950051282416231,22.569146203284685
TVC37,9.124883579762693,4.518970352011367,25.75579808999936,21.591363067920216,13.843049250090846,9.845397978164137,0.7547047454804278,1.7543900542365858,32.30986370141514,13.476828355092211,21.362198257217774,36.57284559304722,4.606124072295864,25.451305082430856,10.692374316267312,0.9046933199461258,14.858942500128151,3.645720437692758,3.740067038698101,14.348892560210853,16.46833310569056,0.859704021761304,6.955832606877762,3.868919620879542,5.925615777222874,17.417425829286394,23.019413145205466,13.31560379380997,16.87067727692211,8.677016619295358,6.509503491770345,8.244502376967345,2.8033789864744243,10.136515511872288,4.76155033431495,10.227052212523196,13.330255773882515,10.908761579579057,8.891073352612626,2.809039481531698,25.981875337731722,38.59354947550228,8.885100670325489,1.7177796342883247,2.721539348078231,6.697308818753154,3.657495530649496,1.2428565870839567,13.61376246990868,15.034078881001701,6.493710814192653,11.336482394427156,4.3907410315812205,25.344224361565928,12.838547372684692,33.46327503991965,3.6289363623427127,25.947780492111516,40.884297479455846,3.126360193989909,14.627664311768148,12.038214784460708,3.240403175354004,20.93493473839265,12.311045723220412,2.628404803169421,3.394392631971798,30.87281101351729,9.861139962848384,8.814662843371352,3.387840121508406,2.187382733098234,7.522322305403769,6.9031465329682105,7.641074703143428,11.709015300193915,8.181071639632265,9.392735036417319,1.6477327986647146,25.30456790209007,12.752689270546641,8.823065779698542,4.561749261170149,3.7150392067699007,12.457425163481563,10.755229232338861,14.0624087039655,9.488674286550607,3.720869928884049,10.213232078491309
TVC37,9.885364805544086,6.569926069420099,23.897863957419325,21.526466598605367,12.823555073873967,10.415088423233342,0.4140174076709204,5.448537914044498,32.252985908994845,11.890753368850863,25.98584070571242,35.15968562789979,6.2480253648199895,26.741771533458493,10.592104861338393,0.6902236807206835,14.547055499039317,3.503854604071484,4.393303536018926,15.57354971398492,14.604373163251735,0.8170157821843934,7.096238468362971,2.526818186166005,6.104696383631537,17.54914662844452,21.61688997172921,12.409524200729308,16.389276387571805,8.051074343749917,7.924023484924917,7.334874532843865,2.9581598627357018,9.446895789259,2.9532138193923387,11.200717667873388,12.893723004870369,10.48581138373513,8.018438599973392,2.7992626309718336,26.660527482123356,35.91049201064712,9.156021179467075,1.6652355815007212,2.3441206376944015,3.3486529761771173,4.834332136642011,0.7184440018849263,15.090344226667645,13.224742236664692,6.65508694823432,10.623068157335796,4.7676122594559045,24.560349262553284,12.254579988878165,34.08963629995628,3.952736760738585,27.251884064082375,39.76970899477096,3.331160606166886,15.057253869369202,10.639540628346854,2.228793076291337,20.56562768704259,12.01536570054705,3.83235682173047,3.0902245846985155,30.7223372745708,11.541654127423767,8.648396074286634,3.5120111548593282,2.041088792653388,7.615834688234523,6.940516844048106,6.984941474132977,11.805978041329247,8.543187211617687,9.447617653752278,2.3045499565501872,24.89444603622364,13.264072567022316,9.256837537777553,3.9333769772884155,4.156134173213384,12.09253382621007,11.495356271596906,13.101438449875147,9.619773389465774,3.459321298261187,10.51900987159284
TVC37,9.307535520808214,7.334053092132522,23.736271515353568,21.71125745455934,12.761035938637495,10.659290673869615,0.6980322659735954,6.4780471067414185,32.24899776896682,12.746381076815288,26.791583028804858,33.87765126646105,5.801928059586248,25.84116278809363,9.867108997621566,0.6414006535087647,13.247924912281988,3.4104396252473674,3.8631502223845424,13.731569343283097,14.034067934733503,0.8562415990017613,6.2688160174923,3.5348843822306377,6.818813480999535,16.943271766593988,21.405651684614107,12.155018981129741,17.548178369545145,8.272976594389025,6.4533719434839005,7.462745150995759,3.2435241386609497,11.147893712239684,3.8920944925521437,10.742485404374737,13.275163661677311,9.440081348051837,9.01131999888809,3.058839380471008,25.612980600210115,36.44041558694983,8.897339702732973,2.090498220524399,2.6469690806916115,2.127185613907356,4.5923391426618005,0.7755004610539923,14.464230204096733,10.310704645405318,7.146278584471642,10.46086968341983,4.60226743368944,24.393600163502995,11.99629070409475,34.05378468339177,4.91185308367104,26.748946649610456,39.915931009814095,2.925782427686939,15.025080285403664,10.455553973045797,1.9131278790015829,20.629178972222654,11.798854265508334,4.493445866777818,3.03069733997126,31.005162091953878,10.408575867238001,8.532890321805038,3.307972000984987,2.119552552519968,7.577344952483192,7.113795105424172,6.595215337874306,11.849750149286045,8.382045489783733,9.756306696514349,2.03173347578308,24.846116295213786,14.053508146651922,9.263175412899958,3.9557392593597,4.536715835963131,12.30630877688302,11.066812740509423,12.720195914323236,9.581786762394033,3.458458023849211,10.60227103391803
TVC38,15.92794821843534,7.797731763058091,14.496493006920762,20.87021495904732,5.774036636756098,12.915857779793857,7.814929399873339,21.66504861299604,18.871165171922712,1.8776067704070185,10.366645215455035,19.36131270053923,7.772609389785735,49.821126827683905,12.35027068420614,10.470093282447394,11.727706637985191,8.825729930852198,6.9611244266854815,18.00287637391972,9.658016942285483,17.835724900426023,26.821573330140062,69.39470571590161,22.750188856274885,19.498358971517707,6.756198331667214,10.088734815015824,7.914028898804118,16.355919460305127,1.2681395565281997,16.446113467163393,2.3767251312068947,10.072302351264751,18.468445174200234,3.587690227440577,14.48570031435426,3.815053348923579,17.951814226902407,3.8487735016972557,15.425054649520822,39.76606795219642,12.291090156214274,14.20792356783603,4.56879356571189,10.280421423102275,5.112033031300076,4.3703841321983425,8.182115255764174,6.401576038498124,1.4720380689625219,25.650154583863003,20.402363861350548,21.40112426562405,24.14316462304916,35.57299060075479,22.152753174066014,30.98072224155832,42.843808677467315,11.06791727665007,19.471756288853946,20.582444889149848,7.867577155608111,22.68874714258386,16.421370610425495,8.134508389725717,2.2094460559581597,19.98977056582415,13.672229112017659,10.795566121135364,2.8362286280417495,5.467991058545017,15.968750920924949,6.878511714191904,16.402600406272906,3.9499900703308044,2.052096155810197,9.037112344134359,4.305118645339341,18.0669698704059,15.673026827342792,10.905422648083924,3.6712085338295926,7.347673383003354,17.295033907200022,11.309106727326101,11.871790070523133,8.308379286998896,6.786886289125031,8.669015992510824
TVC38,15.676792432455844,9.617196251471757,17.97370387146495,20.73409848032563,5.194980123191615,9.570447852589623,9.176310535387133,20.40360464175461,10.980291202923128,2.372738237002821,14.360577399323983,21.900675041561108,3.422391525028793,38.69907549893497,15.62583384060884,7.080780730715005,20.948451902157988,21.77226408460654,7.8135528440439295,17.237475266799986,10.801245068383533,12.231277370760722,21.173307235930135,81.65642991713776,21.37871937138676,12.041181321848523,24.81497016308622,20.13926923106043,4.652773719398919,21.018416860130397,6.802506372043378,13.152498823142514,1.714332951223278,8.199806647750037,14.089177489585117,5.6632231365550645,16.14456833131893,4.7741868109941725,20.522922818336838,6.27188318657315,19.937730449517243,40.31088289907687,10.333186936953824,8.05232593488325,2.9519877165890813,10.647322180855019,6.21624756163791,7.779607126491184,7.026512887599032,4.19906473998456,2.221002921385955,22.489782762707073,17.947590609614767,26.456745505454712,20.01997942904408,27.68440101908727,12.23858929118779,34.09784201595769,59.70893638376318,8.184221511232963,24.136046078718916,21.627682425313846,9.357350793630037,15.58877800873065,7.490673896826878,8.130676253214554,4.3814490365513254,23.221310153253476,8.760559619995133,10.236763036683339,3.189838382026392,5.127188239813582,15.874298387470601,10.486820911971492,19.013320448693264,5.82434367754547,4.5170889706850295,10.173808554463294,2.5801600984186392,18.851598469180885,19.533853333987548,12.074721736131394,6.2517336749265295,12.19115045292263,20.081262979241693,6.334934021436645,13.727277821004087,4.307836087072407,4.572914211024303,11.345968804880597
TVC38,15.885175425790997,9.658382721445113,18.928972842592845,20.377482840024165,4.9958602015314435,10.098886492151866,9.466862150004054,19.84837531198487,10.467347599080696,2.0212702103828035,13.630042326062119,22.59269011523075,2.865304553325973,40.9742764937067,16.311060708144616,5.469523307078757,21.426688330112402,24.19650312173412,10.878765071779258,16.946751131865256,10.017678667302333,12.089265824363379,19.687382427440294,82.76389289633067,21.65299493048012,13.136111743676823,28.363448465007476,16.173466724925227,6.765484532462683,21.29480402999454,2.216468282386489,14.871953289056647,1.807449095778995,5.811591277548408,12.695864439924101,6.044674784744379,17.355291099883473,3.9532076526875697,18.738802974936608,6.344434909965001,20.449052958938353,40.28105099128124,9.945720682941177,8.645474133203056,3.202347713411996,11.704006400772895,3.9092925309107223,6.840808550745135,6.654844271383066,4.004681524346044,2.2885428900006173,22.5886740621422,22.75433144629915,24.887116059032895,17.184323268960377,24.919485377597397,10.299175296249974,35.459839501357514,60.990407562803945,7.65467943519468,24.956746953928494,22.838101460801802,9.960446310682771,15.467048402197687,7.125513813001643,8.018773285136826,3.940186504891474,23.87860217273692,8.257958943359696,8.480094208760308,3.112887731457122,3.9821177599987307,14.650832041084652,10.173407079502084,20.640967099831023,6.454413242609565,4.791692742956553,10.996813623612868,2.5329462783660923,18.222608256043145,18.984164647558185,11.89670117111641,5.946303413186215,11.387401214276236,20.727825404119844,6.516757146894247,13.509660622625972,4.8979088228866745,4.139040257796017,11.139554718901827
TVC39,16.418942874595423,9.632071275544423,8.779809859491163,20.188447941199787,7.105949133794795,7.836716602566422,15.615404085909587,20.86587434750731,27.929150313459417,1.4839986564531442,6.971725037228817,20.162734664255574,1.7404311174302742,18.816463168616586,1.8032513760751294,1.4246652865953249,10.526077582310604,15.648607143791773,2.639145246311028,1.5653881862439134,16.578297749642402,14.697025710612007,13.304654870142219,5.4611669977506,4.64401706224007,8.540897226421743,17.324602197575313,6.327365579704444,4.24282289617094,3.8205984119446046,13.509831326142434,4.744984514690856,6.122988849237401,11.359943204509314,24.592147060539773,10.208492386405187,15.655772335266555,4.106876684773352,14.620210527732809,5.515970917118173,52.605319246269204,34.84282966967552,3.238563180210129,11.200125492676111,1.4910935618544137,5.871724395902567,8.945030472291414,1.8375579355865397,4.676169472516224,27.605897568566824,15.034131493299238,16.185480809740483,3.2314328424712664,8.262936230949176,19.404582030350163,42.22755318856047,24.65196201846164,19.715988137629083,47.05299005737548,27.993003205586504,26.259584017438435,23.736927755217078,25.809164413521366,26.46710025435146,18.183017943214665,22.432368261198842,6.398556362957724,12.673302451449056,4.663974247312033,6.9546383319282405,6.028394131250279,10.386395630016121,11.031748697121618,5.5315087056288155,4.512913357186061,13.008718353806325,9.409726053476334,8.02148693832018,7.307112653409281,6.277914308892783,11.973807449142138,4.972744222269744,7.230924749246207,13.560097899488223,1.8669089223107984,12.06469525973643,3.754270369968107,5.444256784614696,6.916796749197347,15.374047510406022
TVC39,16.47641089192022,9.381490228147465,9.147227804846285,20.287715232632713,7.544180464699327,7.691897353667537,15.22563814939719,20.45743794251966,28.370786989587234,1.658493807483382,5.453617735921979,20.41205921450572,1.7881685750270917,18.90829201738228,2.4067225314483545,1.8477863065009215,11.186046708269183,15.727074968143778,2.7531410827858704,2.1623478712423325,17.193826075824735,15.039320625659316,13.268075803500953,5.643214521341728,3.9025313730936575,9.438469012484077,16.749953163190405,5.7032404987967364,5.456882090688902,3.807842753492979,13.397611520925253,3.221503346574073,6.474454941891327,8.443077608500003,25.79814263916257,10.486439792058802,15.312827861965042,3.0618586963222874,15.824007975308673,4.365783195605691,52.787263101693725,34.57755510992524,3.6131892279685864,11.336696657442278,1.9907848923964866,5.269938937099126,8.998760620451366,1.8956415229474044,4.637690123842156,27.86343930794573,14.66321637644035,16.247601544721302,2.9201913431880597,8.105315169829646,21.355506141829686,40.84701026240004,24.86882734419348,17.58800421248954,47.08220443206826,28.101222078684085,25.421286303981205,24.7578412872715,26.316075342505286,27.343650505436816,17.405251517467754,22.878374702941006,6.153974662771111,12.957223579824763,4.552363665627197,7.323569607237032,6.171401434801259,10.661337735756977,10.982071454957797,5.477877525948482,5.049523240173262,13.102732512748823,9.131018329800533,7.801160526456598,7.5797183249360165,6.1085983982273175,11.789333573479505,4.5611887387577905,7.160700416353818,13.245623388296437,2.3018016730641957,11.959117693003034,3.81855114949496,5.6976219042051754,7.08246657329598,15.257972853912122
TVC39,16.28152365067101,9.581269271223695,8.839758856313212,20.392001493056338,7.202909361065685,7.42461923185762,15.508967638724334,20.801972843133488,28.29705578263823,1.5608574256509333,6.127040588300858,20.48498919426978,1.9718496215425536,18.738119231404124,2.618523374970976,1.309237562575853,11.160703264749968,15.954842397383043,2.2379674681911728,2.2241409986169187,16.67240850942118,14.61654541182716,13.661221590408912,5.247849043599375,3.875242954284161,8.387326243780294,18.734113774599727,5.955870529654977,4.310384714064169,3.7792521029919177,13.308492308063107,4.908639969192185,6.672496254794248,11.29400169032437,24.519765575115496,10.523976015544438,15.052958880354474,5.026020987383969,15.438106253097107,5.698437796835299,52.4391244651346,34.38566713666582,2.508568276141907,11.837274635921824,2.0708730564250812,6.059099153236493,8.476953489380284,1.7993650346369177,3.2888931014321066,28.243167114007722,14.136065346711165,15.6082837482745,4.514933673985355,8.593722859962837,19.867798590993548,42.22068862990066,24.677115681788305,18.815998205200646,46.537955735279965,28.255969073555686,26.295150793390675,24.035401148541823,25.52415773285019,26.509470793636112,18.106574545456812,22.951587784373675,6.352966531840238,12.383988525400628,4.832705392704144,7.007317420444289,6.47169019675755,10.940037581637188,11.06142534949146,5.067723793750043,4.698544116787144,12.764576558216469,9.371203631287688,8.012121478994409,7.370586106785527,6.2852732307427415,11.486136329090678,4.655003776114721,6.888538498728425,13.436726538784853,1.962148652126739,12.156294195135157,3.702142723456963,5.532555249666834,7.171643387020885,15.08951269629952
TVC40,16.600303468657405,3.5999046888236195,9.634059015717751,18.078920515417334,2.01512937999564,2.507887383602177,5.300417884981704,7.0139023958736315,9.3532496233361,10.212640632405382,27.945063061764593,0.9186174257284204,5.7296808237432195,20.312132155967262,14.79989106273363,15.391092487238065,18.693163221966465,5.877968252245393,1.304487878788812,8.33265215338537,7.922358141204742,0.8573446172364112,10.548299047702029,2.038546186199361,4.474158598397073,27.768410279131366,19.0909390752049,2.0608258272585913,18.2498236750548,7.984765153637105,11.527071456174475,19.122041530839628,6.120787399413002,11.826688468636343,6.743071875903541,2.4305758505069237,30.432048194718146,14.471142531341657,4.279616579188321,7.640823674526099,21.653629371947034,27.728329366067385,11.081526218224148,3.5955011871646176,3.720187741824147,14.26151407323215,18.452722262039646,6.113643432311782,2.3072343562304796,11.871081922349612,3.327045984498684,40.692218078767425,16.19998787897231,19.25656498162768,28.45553387489924,41.79024036107106,10.019537140595588,17.87337402292609,42.70429823819964,6.681831842462822,29.676515887601138,16.729292663517676,1.6266288555640829,23.231166861923214,15.166807645397244,14.048189745208647,4.503400036305459,23.984886660676707,23.472818022048006,8.393926534948031,11.302276664270014,5.8519445762173286,5.101789640425915,7.15199775962311,3.585422130509806,11.832076806496277,4.193395619305959,16.52859037520302,1.642044060539983,30.04867446607153,9.792431795344973,4.976385269730473,18.500504530538606,13.794242988540327,0.5913476259405429,12.612363076912313,14.726727877498753,19.27437810989215,2.4104606910774713,20.842520589914926
TVC40,16.75835658967386,2.8720607198638355,9.990506942455585,17.99704421035973,1.820889258122706,2.532255536033994,5.046676253197176,6.954445777836191,9.327071687677405,9.478731179466614,28.341065718359125,1.4717530016497378,5.372889129188993,20.538338895245786,15.003333395654028,15.355182351633196,18.484550042903468,5.83481806800479,1.3217560119208183,7.871599639728393,7.561793952634483,1.0055891953011287,10.698031423511086,1.9445394858335838,5.467533475968427,28.00210187898014,19.257404722136894,1.695485878121722,18.482246051723266,8.238307004446511,11.601579117905963,19.19733103312852,5.952133218884032,12.038512926616947,6.414235564815256,2.4732726388798527,30.48909293076931,14.55192555831029,3.236612020394741,7.719306256744888,22.0274560912734,28.217278335557317,10.877532858769973,3.8726867454829232,4.072261930822016,12.464712666067886,19.001822161587167,6.666358297997778,3.226726050560291,11.420197278152019,3.501691752737695,43.02437532854167,12.807171335150471,16.139632274816325,27.808644870917004,42.850853361926234,10.206529180645505,18.27702881455858,42.62916731195791,6.498233482514546,29.651575107441282,16.55093465816407,1.590955865252149,22.743040916793074,15.479567858762357,13.768395891993038,5.213175379640454,24.34621064640554,22.767264289297028,7.830995369852681,11.722605813772251,5.550749224184197,5.022769784548016,7.5919374754795665,3.440374645121368,11.909725148026105,3.617820376114094,16.52556848002004,1.8900640138557978,29.980809204744332,9.296326789663825,4.752167370620665,17.76730303100614,13.886431556044917,0.5709870682531224,13.330110719134083,14.120635533070827,19.272558176146322,2.536087839594691,20.763695433899596
TVC40,16.527396283891736,3.6500237773528252,9.507663388989062,18.029075160926702,2.1319512698810232,1.996998004246036,5.209076690691205,6.871272866475686,9.242612049113905,10.37121382320935,27.728677593758086,1.2227416691905209,5.870694405420306,21.33494260464048,14.866216313387145,14.99722796569934,18.447816015332503,5.587993694116354,1.4828765561625818,8.16560444696304,7.7740799317207,0.9170525908553647,10.450544189259888,2.081277396866601,3.9877543697899354,27.96750975298117,18.908043113463822,2.058228504032157,18.311827296983047,7.8086004479633475,11.492769105441369,19.201265801319924,6.328977014163493,11.75008764054963,6.621494977015448,2.629475113949345,30.681632582022218,14.275340873367933,3.5965815869434232,7.37854199367779,21.804902631669975,27.975894733351105,11.097694827238255,3.6527211620925812,3.8413877918143315,13.34569736368107,18.75710893789464,6.848330335088791,2.9059727619410256,11.627489770119114,3.9023693309928515,41.41081305895185,13.524513936251315,19.707318128024177,28.466578964154852,41.89065677622664,10.025392225115361,17.879269956152225,42.70641224359979,6.642655576978411,29.707747872169442,16.80189898427652,1.663067176807726,23.117419300986448,15.285775398026402,14.245689400431019,4.6625884069298165,24.047106031599963,23.26166572793232,8.465182247340852,11.225703806293254,6.101495770601767,5.000655294996048,6.838710614091801,3.8380178953398767,11.804428083403986,4.343874464403436,16.604842754564203,1.5750286845875898,29.865920917112,9.793307412470048,4.872846473497135,18.164236210786218,13.795739512401836,0.4864824155763704,12.880382047015793,14.281943230170203,19.307446229388347,2.3860694733027468,20.899108276422794
TVC41,17.155247888519504,2.118476091828316,0.7812477901483038,17.445596224790926,2.489907501761321,14.825709653963708,5.423629613866092,19.21853129199356,25.53143695053781,4.477048808658958,6.850966358374638,37.07213843764773,1.66293715089085,13.869754308376722,8.650341137199645,2.309219030048817,4.332575962991472,38.7590537308128,4.230419929166604,8.172214745715925,15.037712766562297,16.057777827355274,1.462445082482259,27.936443206155378,30.910487378592705,5.66902905991123,7.145371161296869,11.142004112605077,3.6780310731025256,17.700534703928952,14.288502442077467,13.440547401282439,2.527839189881732,12.678075322375935,6.588590423924148,3.9282860591912727,21.39883228601164,11.030909388384242,4.130448825496018,13.729858271255615,13.19906228351745,26.44043025120049,7.573474701650583,11.30552395525252,8.249830455537055,28.16159995285569,14.818305751472522,15.839082745837558,17.548089720185395,12.600682891857852,40.951648307605915,15.746100107879396,19.130296725224536,9.546845541182597,23.32776111174541,33.793716912968144,4.120232675637409,13.948721930403618,44.40224821230361,13.346786714663171,29.907941501972022,30.429020542627686,7.451216403086474,15.105413653079871,10.55680855512619,3.7916271130750134,1.0747964275870354,19.122665732377655,9.777091171483326,10.503956098807086,1.425337250597158,2.5826964925049216,6.870187357428727,7.800829522852685,19.36450330892186,9.058625962551991,1.1226527081173696,12.669664367748673,3.7595875109836556,27.978278667266203,3.5721738086384573,6.334112555737708,4.692503959509977,20.766700215552262,2.1039959037379856,10.729991491433163,4.286749169173514,9.604068340313662,6.8676456222108975,21.246880414683346
TVC41,16.936554906091263,1.9196037374612271,1.0897591506976916,17.23000520108616,5.2864521870382655,14.153539528781744,3.9467701037798673,23.224733395647384,21.725740962164405,5.576270635292866,13.105602873154584,35.02000699640059,1.9151730634701407,13.221399038439198,10.104075191927961,1.5475952928029508,5.238155168376152,39.11953679100141,4.451748412566391,8.588825944040197,13.7240094535856,15.759915011797604,1.5776116784472742,28.84457366853546,30.68515501131651,5.900938991572629,7.7612769269884145,10.642312729078007,4.825973274760973,16.74731376239063,14.508405253641962,12.649407984746581,3.6671665450454203,12.694687686001945,5.717068557845615,5.15256180580073,21.426926423035,11.270931872293408,3.535949052931208,13.438892345593912,12.903429116532115,26.62519690597515,7.678227898652078,8.260963507996044,10.40367056209654,30.871047671104158,18.80435721005649,12.974970395089377,18.171594312052154,13.842572652569785,42.4142420743921,15.636509460070467,19.43475097646796,11.759801024397953,23.43942377248218,35.76976843217049,3.541393394068419,14.440052929827123,43.173325014454136,14.556901254027602,29.976278686649,30.590425837014095,6.181531128534745,14.491659482449403,10.10096397622958,3.1892827913220487,1.4750455943625214,19.005233264914825,10.39018658663999,10.610523344267996,1.9440271724407854,2.624977185085065,7.06840267282584,7.768076444757916,18.469023255462837,9.17623213299145,0.9753930246667496,13.039730283555192,3.785177295831352,27.96124250152814,3.0742655216982815,6.664363054464002,4.549078132509447,20.076659534057278,2.5788807680615706,11.581634519416308,4.510104793893656,9.354054911207532,6.8594342233818555,21.095963294916732
TVC41,17.29494615301596,1.9591253424839288,0.7985299635316303,17.600541706201117,1.7743544672133134,15.757062099535055,5.4630743791943255,19.24259877356432,27.08828173100576,4.29972812268853,6.145417975273439,38.51764770579274,2.206354574603174,15.157789745466928,8.272048872778397,1.8988399686363262,4.651345009893099,39.47953531637881,4.543657882453958,7.219906532477312,14.315436673738613,15.800782704561364,1.7155383656218475,28.215448160026884,30.148680765111994,6.245124616413431,7.240823174884126,9.173560593513162,4.9597509196568135,16.922902122552006,16.565246271406508,10.820794784310245,3.4932226424340582,13.483562461187752,3.7497089440858757,4.959184453064156,19.11681085649502,14.428020845131615,3.429427847066806,14.284655585924925,12.191848764161145,26.032006016168925,8.700894713880333,14.140775375074835,9.172870080456152,31.073836940936378,10.308698142882864,14.739425328243641,20.780823620061167,10.761486440976745,43.7753435014934,12.918377079887119,23.575875132558178,11.339980321521741,22.923212190274146,35.955168575394055,4.193282388130753,16.15330307399663,44.988847421181454,13.429932183394147,30.582600410366357,29.492606964710035,7.2472273565423375,14.640034610767687,12.537447254908713,3.4325093972055534,1.2880120458983608,19.40801165071478,10.959407204713916,11.042965970886913,1.6953400401959327,2.1857854935019065,6.917474632027636,8.287533089053301,18.433786054044617,9.344265020154184,1.220269975274881,12.968006700197572,2.8146802957413133,28.254477995405445,4.79595639086748,6.5607359890529455,3.7265016824193133,21.25896196382371,1.4822571683844534,10.648793930033293,4.32235158287341,9.146985699830578,8.589737646288366,21.016614159763552
TVC42,24.88741209898802,10.332678636778956,18.17225686752278,13.350229572190944,4.113351111826689,19.518866373145062,15.800307779147735,26.839534027542435,41.44285881260167,17.177482974914195,31.368953071777586,41.04360072379527,5.3640174106745375,37.13997706341679,22.680339386929635,5.389068883328709,8.804114585458908,17.44976030095764,10.377168794564964,16.166732436612897,3.0934034974678704,9.748667357100993,12.449467487957167,5.223185605329016,9.798430586152751,9.299809500575066,5.288839529389921,9.634064446648825,9.525361911758132,16.292091483655184,23.1990221042348,22.460420556528412,12.549570078435151,4.594280632293743,40.16788620226409,17.725537820354752,18.148971665407654,13.991083319906307,15.226450223637665,18.558947918774642,10.545684431274625,33.692444371140525,12.354657046820806,6.37723502392992,10.731841411279595,6.572528700951649,15.446976667998925,6.86253476402034,15.617961557663005,16.03447379714445,5.684882514502691,20.602972972814154,11.892045369250296,15.375437611471051,5.6318142293426,25.49132974575395,5.725066062548886,3.241482444188517,36.505426581948996,8.66302179188832,24.478509347845353,21.069330692453228,10.713603680548461,28.064921464340802,15.560543110270215,13.600678282587424,6.341161373435803,21.255888795113172,6.182689249191595,11.543605937096087,4.2428801327781835,7.968723563396412,6.843581962866112,9.010244490983693,6.599575530575669,44.0535106330948,10.364869231115216,10.544161851639332,8.492976228463585,13.833180023924164,6.0973503132877145,1.3845771377825218,5.2271205110718375,14.392247049056966,7.999038161466951,14.99202685058117,14.518256766640622,20.07691103560121,6.278086089245651,28.70638570578202
TVC42,24.970257343709836,8.360137625385478,18.51811154518078,13.823268958465505,4.8245368757235525,19.246618711126796,13.786810498350386,29.334428901286365,41.1466960844975,18.68259043894437,30.54511395798238,39.84761834237604,5.851108893587391,39.186282686201274,21.908963000045794,6.410801673695562,9.20969314305463,16.47950483825644,10.497101247712719,16.13613950260594,4.0275421762652455,10.115301560612956,11.573839556566295,5.229027955212736,10.269497658132112,9.336658407133484,5.57910327886574,9.61100142721392,6.214761029681862,15.063136844858237,18.390132931413515,24.208577935190288,15.919709115716664,9.363997603733921,38.82334555838601,20.244559769822654,14.557844790742672,15.98630269249642,16.67388522020397,16.888963170727457,10.721594907314321,36.606292307919425,11.209354719507989,3.6811642846545527,15.162351089274155,2.9939861764213354,18.884420935137218,8.522232567845457,15.093778939178923,13.375153976237046,1.2137550365165244,19.932296980962022,17.4580680071455,11.098007119058478,4.309983890605376,25.800556303814577,5.261044207722995,4.109796002177795,35.710013696001006,8.405393028755336,25.247955128758836,20.656313262695765,11.135630071240687,27.598933831983583,15.909301281110983,13.40435998182458,6.948568078104325,21.030205193454076,7.006797261913979,11.58126368738895,4.388753395086767,7.2677139231380465,6.987617968900132,8.638367522134892,6.749765475487678,44.3161097981026,9.945681034666045,9.684823027512808,10.234535725746106,14.428903981132532,6.6443691241260625,1.1124809183596944,5.554992502935531,15.81486900389117,8.636094710936161,14.744456103316208,15.44575042997442,20.926124072121397,5.142886026317958,28.40726421031282
TVC43,18.468499186905948,10.61881094195626,14.980583899671382,14.596746532094071,15.469649243634194,18.726756434007125,2.400278612327847,10.548755239390514,16.516030365770515,9.035239308869297,16.910216510837728,9.705472638390281,6.291252882126718,22.88047517863187,4.138123765858737,7.9457343921023,13.440645426782694,16.868039744550533,6.939721550314094,1.3008926665241067,24.479978481206025,4.655432715129361,8.150264274803074,4.605590894005515,2.6102308032187547,10.406318287145007,16.160507304018193,8.99141523377462,28.40184168341485,20.457546106251804,12.682418415492231,17.90599335621704,7.5139874111522325,12.201877730001103,16.804096815260973,13.818885544213382,10.675990271568299,2.285391545702111,1.9212977788665078,2.86619471650232,29.42740389024627,39.66159319444136,24.12382521277124,36.83702811544592,24.50746534087441,1.5216465012593703,14.14490303749388,12.236651610244405,5.824922738562931,30.598058743368494,6.554978288303722,6.790738648176193,8.191336969624865,29.26243870041587,4.177394302866675,26.476117289066316,2.3615467775951733,7.606167562983253,40.545638702674346,11.931438711556522,22.40274211455306,14.743786566501313,7.752413750778545,30.263929860700262,11.562792884084311,8.453212641585957,3.83890682018616,22.761107795888726,21.436189419573004,7.79303910698403,8.062513679265976,5.586915617639368,14.085058138316327,7.677397286079147,8.181338090246374,1.4614267733879387,6.863797250119123,15.227707364342429,3.3161815717139027,26.811127779700538,23.02627828121185,8.547450656139038,3.657096632637761,3.687763440608978,8.094012389721518,12.1971374922178,9.351776934753765,1.0806835706769065,11.01458155119961,19.8455377925526
TVC43,19.30208193063736,10.584866093207097,14.53477353911469,13.75716092456942,15.952828932855873,19.323493650685187,2.506712425791699,9.307155107242474,16.92034339904785,9.491406065047435,15.746133909968362,10.509904267131418,6.004342479532774,23.766420104441004,4.401813277645387,7.650652186135235,13.64697131357979,17.410141234466995,6.47204337483137,1.097786281419837,25.024824908159783,4.767207250750178,8.211541049722312,4.64404860233915,1.6073121831036996,10.976286702570707,16.393581887950067,10.577600242089535,27.300627167846844,20.37724210213924,9.488547001714291,18.322605965793997,8.62026926814646,9.933074686492699,18.587157037638235,14.747333327583645,9.105244904670162,4.493229519543441,1.9415466391521952,3.877983746321305,29.124151725872704,39.94617752683335,22.892816841084024,39.80644130568574,22.584787330074587,1.846401013498721,15.536585106711456,12.426110007797462,4.475791914566703,30.965745436972465,5.921135674352231,6.9403950812160105,8.30459171274434,28.24967019177865,3.7917457936466605,25.595853672511335,3.277974518485691,8.17197112466978,40.28305736590123,11.200100316863129,21.99314253312954,14.211541763250379,8.498531261388806,30.615264880506025,11.825751493979192,6.8884436648824945,5.152817195740299,22.391909682232402,20.58835179425668,6.7731568702753036,8.002605782557225,5.373579041854195,14.26122564751169,6.958232393817625,8.294833416869675,1.7292077572449394,6.799470727340035,15.08567927263785,3.1225063439728555,27.52365950130034,23.208523220946823,8.442722331786502,2.9403884508903477,3.919932326717653,7.809408845676892,12.958324796652448,9.39333086013794,1.3469144636738128,10.845272475826567,19.983716917729033
TVC43,18.510058811757187,8.4843441101671,14.493578355005182,14.51757536182877,11.502071186454476,19.851344895509122,1.8620144953619848,14.648546244103484,14.139025035811349,8.281725736414911,19.139051824990958,5.24500619853201,7.606547125706598,23.269272653237444,4.157846234327445,8.45623753738641,12.271886421447517,17.29253419922905,7.131566919009287,2.0967869981666283,23.4321424975717,5.072772196248357,8.701802061744994,5.765778918939134,2.5187007477678405,10.17597685269783,16.91332958081017,8.063710774380736,28.275937829646598,20.97922494806395,13.384205241510474,17.68973265908247,6.5759666770513805,13.342464341707757,17.387383631219162,12.243567131779676,10.142644979105405,2.422442244605784,1.4021353224303825,2.8542606338767187,27.574162126867318,41.62427934400874,25.320162343101266,37.585653258613284,21.614175811135695,3.1263721749826443,15.074556504930456,11.057137546363784,8.622542721362201,30.669334464460793,4.209396940067502,7.832103349131309,9.300254449888241,28.44956549252469,4.519868253930214,25.823288754085823,2.0095111343758236,9.401877652282364,40.439591787812624,11.76483082186225,22.46495545998307,13.146118775832873,8.661256427413846,29.969461455129863,12.29949871784339,8.956937513468455,5.006706242363877,23.499271364714037,19.730149969001488,7.312609718621143,7.76548274821299,6.141578128732786,14.498562705754502,7.102870700000985,8.00705664874586,1.9027789665694617,6.51324028581198,15.454013488044037,1.7675136011436674,25.19039168679641,24.885885514364652,8.6621475896221,3.46819834621406,4.387982220737481,7.134967679717789,12.152842548361585,9.319360153806722,1.1329598809860966,12.079762800339541,19.457195853894472
TVC46,14.77917863849882,1.3881951414477762,1.2828583218040266,21.430395161996337,15.44936200336636,1.945370387032394,6.433277646011395,21.72121309325177,43.525603808657664,32.139012637640796,36.55124131469202,39.81084083886671,3.866078466267193,24.490973484297697,10.44990627678277,2.307604015907224,14.063221952521989,12.007135213981748,1.8403545765935185,9.393385769809104,8.239906128788494,7.188515030229172,10.668784675485801,11.258604868544333,1.3028912141685087,19.857779097962755,5.528508386062702,9.89186497662626,12.063409322843501,12.862464125867913,1.8981254713619566,12.783875537792426,5.723881228431981,15.267091661535632,22.33865931989011,8.013102754872508,6.881351951217152,7.138397219293404,12.33268443701779,5.815379271956639,39.90664330561748,34.418128492944525,5.774529875260997,35.09715841359493,12.07728464815629,9.031006029139014,15.660876439221164,12.068562023302647,2.920766035923783,10.984203585945265,13.585993429753168,23.986674554685024,18.730898090057973,39.91622862391447,19.34624970930565,41.008948819175444,2.369887570436088,38.019995570494864,57.24016501953464,1.1758161964216782,17.32795482803702,13.6400222319583,1.807565974939556,5.635374384244699,9.067009359130061,5.943850399936057,7.309874443152032,5.038820101328545,7.086704526896252,8.752335885802957,2.7402819803969556,10.771326616796523,11.36213666380076,6.367444741164203,2.208075912835086,3.4563723683981373,6.405799862601994,12.119942833615847,7.869286051595398,8.9299282971477,6.4268375104634545,8.269775558828684,3.3039692762010384,10.809913863686367,10.871739909598965,5.976012786957606,4.1215368265880965,7.753025959143464,5.413038231315413,15.164143728336114
TVC46,14.697572907076621,1.4750908535271523,1.1077395801682737,21.337392477729058,15.424623539603651,2.446890348383647,7.434826772885518,24.31206281840368,41.939623137651864,31.21972488028338,39.61913435568821,37.86478940857525,4.614389329832995,25.058744199339472,10.594331799061477,2.4047788682305784,14.274462505922479,12.60410054601711,2.0209731502575714,10.227242752079814,8.583717789546052,7.2614143424730555,10.59470868514756,10.869415816614183,1.4687870997782193,19.51523623698488,6.247370595216174,9.273278878618383,12.69085352155256,11.789755033811703,1.996212829111852,11.800331448815925,5.913204317808728,15.725249237067475,21.678933549591186,8.559664025433705,6.817394247355241,7.526057049668153,12.206937007118945,4.943996626297441,38.81492806009533,35.442469954779305,5.993583484365634,34.46246395330452,12.654379731517727,8.795656099157819,14.683376945275588,13.263403178993206,2.652315540117444,10.744166203772258,13.840067485920164,24.332567095467887,18.39902482887157,39.354739914217525,18.59853843006037,41.39844827588476,1.8130976639994698,38.964557705144905,55.660767634613464,1.317653821109282,18.058043653285242,12.569298365791543,1.7778253878577281,4.975993939952758,8.950680740376074,5.536004792691432,7.151065560504253,4.98391514424839,7.3810775689870916,8.609574274202814,2.335880121942294,10.765584031259754,11.208090797319251,6.503296721934118,2.0779542253323386,3.6832592410935185,6.812384951201247,11.965134964728183,8.082024499665739,9.395636939829256,6.475316143497716,8.164070053842396,3.36600822224744,10.030100562670617,10.908746949512034,6.031672078890605,3.830125940336731,7.326145864644293,5.321617770137279,15.314902212082906
TVC46,14.63595244078897,1.1462716534733772,0.9620248725016912,22.075466161826625,14.399257766082883,2.2399244159460068,7.257836979775068,23.349009080518346,42.658895003298916,30.75718796912891,39.59826478455216,37.87441601852576,4.729595324516898,24.687971242703497,10.34062401453654,2.8042862515915963,14.351420494417349,11.943092537422975,2.152086779494615,9.982895150159797,8.409131074945131,7.526519149983263,10.795591302836934,10.48642510175705,1.5863693018133442,19.41254932852462,6.234537082413833,9.626782784704119,12.716324853400389,12.513875973721346,2.034129897442957,12.276254900420705,5.476898192117612,15.663147232495248,22.234549805521965,7.7343002905448275,6.723137702792883,7.286008685206373,11.748115432759127,4.137443099170923,39.551911041761436,35.235870480537415,6.398981878223519,34.71794849416862,12.405220893522104,8.772486243707439,15.11763934607734,12.540505909671387,2.9352510875711837,10.903618646096826,13.889640678962072,24.787657644910116,19.203473965016503,39.17875285819173,18.74589774735311,41.33961596681426,2.7136831457416215,39.461381576644875,56.316047930779554,1.0038016984860103,17.418648014970433,13.434521732851863,1.7918021865189075,5.47286411599877,9.23310823055605,5.9442425183951855,7.3121261487249285,5.134704171990355,7.0612350814044476,8.708598744900277,2.8460703644280634,10.814763019482294,11.218530499541279,6.4588498881397145,2.2394425148765245,3.6468216746191806,6.3044261404623585,12.07991656412681,7.90782608402272,8.899134871239463,6.449204919238885,8.108650086913258,2.995648544669772,10.7292634571592,10.765959440575292,6.227110111154616,4.117226537317038,7.759847486857325,5.306917930642764,15.122439603010813
TVC48,8.84802568651882,6.309532835906792,6.3165339249569215,21.061167677314444,17.000288669601495,3.3466798584978035,2.308160237017537,25.149785201109275,23.10335853161501,40.78161950198722,33.61238669027823,6.211832265998507,2.4092277514214073,36.58129363901827,11.482920393999084,15.37443737677954,15.751081820128753,28.102448232890666,10.843210645523055,12.628636341345938,8.48288397742211,6.795214065759551,10.139123705537271,7.545375770378283,2.2927749815740084,38.38169928009387,19.716128559435827,17.713920396635512,2.037114735722648,7.934581802531505,4.354773682637687,10.637443398706196,28.092552489621845,7.659077113595634,5.3884938126903466,13.864102470779079,8.628391231627043,23.76451598608951,25.642530942792664,12.59161073432024,23.974348514753725,46.99962645317166,7.721942599174914,4.977636290888612,2.602558003271615,10.015563735145209,7.616743028801961,10.389672214702024,11.901633000076083,4.547451173057522,12.146828261791438,11.338359358212864,8.864496708926508,15.804791844390952,53.878011434712015,52.698553695198044,16.626800635369307,29.788555742533052,55.235663997499564,35.44708852146908,34.07432409807167,23.360845446134654,38.01177051129031,10.034345829319358,19.67522336924108,47.737572082975525,3.6893058930732225,25.768019296355167,18.785458482449656,5.130540021368693,25.776292468505073,19.789946898512284,8.99958125895004,2.311327565152341,4.780757536535067,14.689851715712145,19.34663855285117,21.04059912667117,6.1607142078568105,36.60089343940435,10.317280633868542,8.597573139271919,3.904334707519606,3.2733619823506857,4.225363298359989,7.685558865901937,3.9603905745854235,14.23870908177186,12.412609929014513,23.910331310064638
TVC48,8.917090106572642,5.526650684482449,7.842194434225341,21.80255736254374,15.925600700238686,5.401144617381114,3.3046470513055612,30.05407247630668,18.872381074786624,38.56965443235532,37.335903378028846,2.9815561629913665,6.714534073514052,37.861610582989435,8.829496044815679,19.232432228225818,13.497997473316751,26.26129556593004,11.889380878983783,10.581963300006294,5.452963258931925,6.4134563131573445,8.801152210532527,9.525646563240024,6.964766221518045,37.56912071637454,22.644701024988194,17.236192056896922,2.7391182597849397,8.14058298872504,1.9394429509019677,8.5540132578476,29.25388846275134,10.200945874448225,3.623238562838935,13.63529753667531,9.39148087877057,24.353335736522745,24.28660481666034,13.038682817539453,23.672470329871107,46.60283257271344,6.705997969379355,4.669743846187662,2.59157287471897,8.272222990605421,8.087618980270166,10.946183088672903,12.14486699226575,5.213502397816696,12.46352857268337,11.663892668791306,8.210882803240976,16.06363273313194,47.95155504566682,59.41390138989512,14.788915131118271,32.42618827610225,52.74697768408737,36.44067020346394,36.584239764759936,19.193506169755818,36.19892536414849,7.142706006972781,20.501679747401575,47.477667747749074,6.316099001811101,25.14661297553625,18.49870957961449,3.927041586513048,25.31836243623342,21.62672020664145,8.752314402355434,2.505800876774631,4.973385927528689,16.194164908514274,16.967332007422115,21.811795374762006,4.49956968546787,36.055786498125656,10.599047994264316,9.103877060404628,3.7021131526637863,3.687462599897559,4.235431361285758,7.2465079911899215,3.908109598194723,14.160156536189628,11.712778602327619,24.30557844036228
TVC48,8.62831947430768,5.8064381037988975,7.624402346790478,20.516428911694206,17.587413035092816,3.7954836987680003,2.6743145976015317,29.54024185120098,19.52993962585285,41.44513373810457,33.88666763953785,3.291631201903025,3.211385295881579,38.0363171472795,9.632545432095887,15.775417182699687,15.304082682015755,28.380574957657885,10.517289750890116,13.00334190032495,6.999039456408511,6.022290017251307,9.690144539520304,8.249132255713144,4.06461934304686,38.77637424038583,20.42679040342249,15.24273260762935,4.2449185528582145,7.983266825317054,2.7142797386454,9.411475023755463,28.81326056391962,8.886656843205934,5.453537079916205,14.027458203095263,5.288461799823469,23.90085058186644,24.833583510370666,11.468221135238457,24.24057515012601,47.23452255033678,7.836035964910382,4.9266104566394,1.7308301336021834,8.337442315834505,7.901398811689628,10.723879727945533,11.903385046669232,4.871428503064058,12.683134187934218,8.22798351196432,10.193614903396817,18.407924141294213,54.99552781487344,53.030538120056676,14.952211720328178,27.763279909855104,56.95855709782211,33.325123228373066,33.28744666759045,23.23592788758137,37.82876002371952,10.344706082075675,18.40440000793947,47.041381173236395,4.336661288214307,26.53559795518716,20.07771773251795,5.859490423673583,23.56305781082921,20.07499265959186,8.31531436970928,3.7810285136664428,5.639888334658838,15.402973669879039,19.265856045358365,21.771860187092134,7.408613131351529,35.726560145936986,10.037299720670587,8.178112175395732,4.7032244957743155,3.441243683138201,3.3710681674300984,7.721199089881553,3.509505941983192,15.661344166484572,10.272428111683938,23.986823589891515
TVC49,4.140112285906133,9.944375136951068,3.238501697949559,12.03059848331763,3.7317748388045153,6.995610822135557,2.7582867561803672,30.040309343154462,25.310044752584922,8.633704677529261,18.827337253249933,20.062899377090243,8.31786077345411,16.534200458229808,2.810442676903477,10.271694547210704,14.485353180758784,8.71709699263639,6.3586585308748536,5.378912458158145,3.1961639077813775,14.762240502638567,22.306599287787584,2.429026193642206,7.836219109735168,2.1236022571185686,22.913595822870878,8.693642727377764,2.0053374163080298,7.491142913418456,8.61475356800648,13.89421181215994,9.665545564318757,13.450602382738799,30.331795188953016,4.027728660296066,10.546030407748585,4.868068495019355,13.4147610980697,7.500783674254172,21.126527916103065,49.053208188674766,4.292622486359755,1.513827540273309,12.738929441578557,11.493753018387022,12.955420639754916,5.733732434787485,12.904588510226656,11.219235797778053,2.1759898301326865,12.555384365873781,4.16764770556824,25.936179441862866,9.086159671358551,44.963492522270926,22.004739650442012,26.37085033965089,45.53645076105382,21.46440836096474,20.81865929122053,12.889779522954003,3.274765530538598,22.176243603961765,10.421563973395576,4.95663545719431,8.896744230650762,17.84930206478301,18.072594739490604,5.7239250027674515,11.404679794959803,16.981337865974744,2.845250677540105,5.892102406948292,3.540155076082372,19.4644603419753,5.773648239226736,19.037109610489605,1.2304962818174456,21.493172852354494,20.428104194434912,5.516215240682745,11.381209662271074,4.668427060804437,8.983046384715918,6.29637096071712,2.2223305741262473,0.982206155439081,19.207878160339998,18.90028463788544
TVC49,3.2832193694832275,9.605109143330802,3.171024349028001,11.30200557390767,4.629056630738609,7.709748091339206,1.002334012395782,31.12364750750647,25.044857736228057,7.566519542438977,19.812256521225958,19.409695262889294,8.608247050965621,15.664610157706358,3.2820990971998376,11.068213909012712,13.27040263660536,8.801155897664975,6.4313274142548185,4.8313089573542936,3.846697697310443,13.639313329985686,22.562020202989313,2.015190473177406,6.812887447624324,1.9197118276793483,22.126270855001025,8.859216096963499,2.6159627595964348,6.644177671564104,8.203858372971155,14.930069710832976,9.372547033763693,14.893063069863128,29.659988238133806,4.293417361443124,11.560997065628595,4.158190538751846,12.306984782096164,5.608797231123204,24.125041536300085,47.80490580106002,3.392189279152608,3.423850774438908,13.059960547976587,11.041674419731116,11.006301416559902,7.132846473788135,11.410177493807462,11.701133990324612,4.207973423750589,9.808656772550668,5.9696024014210725,25.961558120994685,7.35648786997083,46.07176962761874,21.287108532800488,28.088907977610244,45.2597536076969,21.361640471999603,21.630252535323528,12.434922951318699,3.1864045871887834,21.69059756480303,11.983986316062701,4.468214487317416,9.146308613486442,16.774518699159827,18.08867004160778,5.336211112881296,11.637869550811029,17.156975335613215,2.767440145971478,5.9059440132641035,2.8635326890326676,19.778878289013026,5.326278148669784,19.055320879212367,1.1588115893787754,21.47767148541342,20.475099094373192,6.257280502886531,11.038305438878485,4.72018061460108,9.00993817254333,6.796758248926314,2.18369137688351,1.341432076434765,18.80990225365184,19.20591509010716
TVC49,3.230153268937351,9.965174189073108,3.5060894059440724,10.908059954976983,4.650255146512526,7.91433740169444,1.3460803256773735,31.739023889432694,25.52035725049983,7.323718010211178,19.832024839830826,19.441990434789712,7.515968412398658,15.613698299093983,3.5366841943106486,10.966090656328875,13.891688246476022,8.641285950766433,7.196614258760463,4.400578393914798,3.149650553439526,13.932044451088464,22.93323845078403,2.0619071093278394,9.012575643827507,1.4766629298672826,21.6013058270479,8.806941882493382,1.6910431812218027,7.891773422514604,7.568615904180093,13.840477694055402,8.018738219612523,16.466815519573174,26.261264359697382,4.359654852684508,9.79441244417983,6.474518263593633,12.711491407499068,4.669521387186723,22.61187639766167,48.23725959461721,4.480030904558444,2.437886260524976,12.765954628503335,11.826943146955527,11.748319306950036,5.287756582390421,12.78839495841493,10.130053382170829,2.7586520537817463,11.795908516491915,8.183317286303437,24.517991429080087,7.336289487587244,45.74975424984935,22.25684092640209,27.809489562089606,44.73101322714986,20.41048126124588,21.25354467082898,12.1745836604616,2.549909237117276,21.6479014175603,11.282671129650124,5.241915108508786,9.427024722633277,17.597163974771576,17.44356288301184,5.2821616176661825,11.56547261031985,17.17687735445422,2.6985157505094937,6.169450373291836,3.3270692825317383,19.219606999120145,5.122475223204857,19.34991225737073,1.0483010207685617,21.669380106023553,20.911837314304552,6.107248582538271,11.528772719629934,4.592437767101429,8.712232582012456,6.66515846060712,1.9233661210550306,1.6924078594663776,19.082011020196912,19.039227590315285
TVC51,21.690596183100563,13.352037031946697,19.7723300890761,18.62260613093267,17.490546149621196,22.136048955929326,23.21201280498389,36.58321941220476,3.836596456644975,11.667266242902544,39.666231275614415,3.356464369234207,10.429927187881793,28.56137506067379,14.536124176781628,5.9842203985923055,11.47226328280295,1.2431995650307,11.24707496464089,6.347651283743989,15.67389066904372,2.3398542008204957,20.51541529949217,12.876904699404536,16.721638377816642,23.53265945709299,10.556895284760403,14.92844557044198,13.576497274330599,30.28772190433823,3.093044989306475,3.7569549023880713,4.3596163651575255,8.412369559520162,17.784509811676582,1.2757215643467539,30.72833194481758,18.308807045483082,19.872425377294142,7.998173316120353,10.435873974259556,25.39944637853797,16.146446881060918,6.480146484138675,19.078597541435748,15.085715881704237,4.131421538637753,4.243754082970518,13.586932588550946,12.136783008967319,29.97337799120129,11.518205360905588,30.701912018107052,25.42796263700746,19.335579212292224,51.909113644905055,21.229794255164517,7.309172173291258,18.576253059868193,5.650917396042846,10.19663083622959,18.784624655393316,20.79980065382858,17.917538346898002,10.694781404691474,2.6150800837776442,4.685135124319022,28.904759079778806,14.309223750902987,12.851453748521124,3.285521934442269,4.598066037990518,0.7585508494335256,7.435346875428555,6.370833067253812,21.85923068811521,4.94661884265981,18.801884272466488,7.479340973358083,23.671434634004065,7.61491963884313,1.7031776744643299,13.436525273352974,3.573598643916763,7.931982656092461,11.910835551597538,5.5744479746561275,9.931853257839473,17.164096931441964,26.069216448809
TVC51,24.370361908074777,10.715872213287135,17.722490747883533,14.868013029934087,19.75668665467839,23.411441701872644,27.271671607172422,33.68445606491286,3.8631682874138513,6.98425377576604,41.20558520297608,3.5240062751879324,9.37372818667132,28.190231752088213,14.068008390060468,4.085152261455498,12.144751289512502,2.0132172893316493,9.589871816310422,7.003153225412341,17.072809361455093,0.8193943606726932,20.895881614575757,13.106616621372693,14.321328473466856,25.384955599799486,12.241664845485742,14.624696206568306,13.570970795386842,28.158893199909723,5.263609047263946,3.126561610609891,2.5101611347799655,7.134090801877074,17.59572553668801,0.9205886969252097,22.460306674925167,20.187866989725983,29.989621244392286,7.480268239291828,10.490663523521583,24.395033497523443,14.727514689153109,10.474661196883565,18.112123992176656,12.937812625166337,3.194629581063388,5.338645669997251,9.06608018287615,22.393019098265466,22.611868768161894,13.47489121308641,25.033659790170226,29.80900445025425,12.656610343381121,54.27584507793487,21.607499890477747,7.712551901538597,18.515448701533256,6.9071003372826345,12.96830562696416,18.03672627511202,20.29658602438547,16.864429346299104,12.84908657224267,3.488435560789354,8.006624766270548,29.787586286055582,8.68622345159252,13.780176129074698,2.0168497772476393,3.6205292923061076,0.2941651663670909,7.484206854784728,5.553238007947162,23.511558488310236,2.6269409888794906,18.51757363125383,5.599982530476371,23.552288874684912,4.086745180168261,2.1931996364306583,13.594666146958797,5.1200149954219265,7.603196228579498,12.220294494982435,3.266924056077755,9.67814102572493,17.09373310831693,26.11356317416303
TVC51,23.00608954754225,10.480598501149256,20.09123817978391,16.50400419634245,19.033354595967918,23.1087846968584,27.51377179788034,33.5635322402617,2.8658403165780815,6.783255027986731,41.14641462674566,2.351644651145692,8.734821525657443,28.876948742160373,15.06351609290785,5.305313211596559,11.283290544323101,1.2100914618012253,11.057476948512937,7.937225838755347,14.963781686345483,1.7838422925253012,20.749258001898504,12.606979628277433,14.719057541933788,25.186811394427156,9.586142395712008,10.787243748926054,12.552730874840622,31.345033903790128,4.922666622100363,3.043193296262413,3.4296756466482856,9.928625227539403,16.319096565056757,1.070712245953311,22.052963617595896,23.735538744622733,26.48352540906068,7.841455301756312,11.658520585809876,24.14362850310696,15.244249718584072,7.623856824650696,19.184204490321456,14.628444705229656,5.884792185323254,3.9929809410860586,15.597764393326583,13.35396928392398,27.15232229384647,6.788705842130503,30.38828062897275,25.747962868137723,16.864475337563047,52.46074977232392,21.361525704906246,8.09021851192614,18.52005577530522,6.025353417275058,11.57689971514758,17.43097219962603,20.673689118616142,17.297115801151392,11.806532892926484,2.8480009668192285,4.923994585492049,28.133116249256073,13.980363264964645,13.173567599077133,2.8684077773504195,4.237785974125953,0.5307807667050392,7.303080244523705,5.630477138385651,22.36537121169886,4.021032243397586,18.4984119682555,6.972882939656829,24.06254468950781,6.254062616901034,1.7590635049210233,13.682194733126149,3.8297513199459976,8.0159075276416,12.010600620204476,4.6834660343303804,10.271718124105671,16.251330382641477,26.34873249880068
TVC52,2.398401264828372,10.593871315990587,1.4761518983955844,9.826235218143024,5.7261877031211394,5.070869535423187,3.1698615910777126,16.444281591277523,31.39192428359066,0.5408251176577017,15.047410751825355,18.16486030946295,6.403474583652947,20.817781160538456,1.5452375366027096,11.856777637191566,22.782884406181704,5.758949401579708,1.6557074935545764,8.323063367533397,25.410454058359903,0.8278179165581803,20.325377248281455,34.36780442387224,1.9492967258016747,13.084005095872534,17.17245931970068,8.226790599076145,8.980057928361088,1.4949956698590015,12.94545392932662,20.22628676201924,7.3933836936950685,16.747064819680638,21.454324610549282,3.8238879514027793,8.139854314528316,6.870942956323635,10.8405751113432,0.7511423131069505,23.464677047540984,33.75153877993664,10.271979067699018,2.3345892135682234,1.7413151821458197,10.558658086535443,17.399906822285022,2.43901742567499,7.912180971812053,22.676136938922376,1.7741924193968255,14.336265868451221,5.506070974935969,14.757782771788447,24.15235731084663,38.19601700334664,21.691974273359918,23.764772768336606,44.844080975544024,7.905650086000741,20.806301326493184,8.639472504265337,12.916374198499932,14.995272959714912,6.397398781920054,10.890491631519364,8.382405085592385,12.725768502936306,17.330153816866588,8.205801224923995,4.202366289747767,10.653744502239917,9.276968702027597,5.64812369202993,11.69289816775954,7.791416835497661,3.4894479751586913,13.115555393264954,5.463405130713819,16.451490463118954,9.75870315597718,9.395022938624923,2.3436701463647633,6.0432531356811525,12.825106261742402,3.997619020220745,5.611865820367652,5.006388737422874,8.624128508783249,16.723169847281582
TVC52,1.366105766488504,11.007496772561584,1.7664099215272062,10.360121190102022,5.485286298832691,3.8881979274036285,3.0135360758872403,17.72919621818381,30.17836557897249,2.908114593522507,15.126883867078291,17.7235077717655,5.926674158574823,21.527485703589612,1.9153091806426012,12.910808113243366,22.255533147185222,6.015623114055529,1.4634790176809056,8.57229644104727,24.521287594650154,0.814280292088923,20.07110398309189,33.84374386414031,2.290065809972863,13.276299106807185,17.014680924261004,8.251274683529005,8.690822443759947,1.5268980297364498,13.322587751688207,21.03366258673537,6.209149854141578,16.32336863169349,21.45875881586289,3.3304557633816154,8.078710789989652,6.1414637220767965,11.187127003943237,0.9665209367090924,23.539204405727528,32.91656349781445,10.490061951694345,1.7853328827211163,1.3725562797222945,9.330640188179112,18.21039642003409,2.422492355479861,6.709261164106335,23.453747521314835,1.5308467075414491,14.013762063516346,6.378666334653139,14.860202501539577,23.322749251439387,38.93087658442167,22.1004197056454,24.773442565354326,43.88075068823417,7.599688928323494,20.668853037746768,8.224711638733632,13.021405347267589,14.923164260209052,7.039880288806639,10.50154135887165,8.656952608999172,13.78341606370826,16.805341212232214,8.125858709624877,4.443993413983438,10.505200004339812,9.37223456721948,5.79034934926806,11.57851505755189,7.834350884703924,3.1906073427854333,13.320587511371793,4.755286398671214,15.597828836661026,11.32387662944651,9.37752041146345,2.286494755685478,6.5263017704361985,12.654669272148995,4.160533840222252,6.014431105587548,5.010469597511161,9.269811648680385,16.39805283154038
TVC52,1.6012809772587178,10.885280356501902,1.7236529701856063,10.778121705547337,5.792537379738511,3.3189369311132704,3.9721149904180573,18.4883235721925,29.18309758672651,3.606082099031402,16.047723046728056,17.668017421073998,6.7181016309166255,21.358558124790655,3.358832645626784,11.900947917400805,22.598145962419363,6.175166336379567,1.8390463013572014,8.83136313193155,25.944439128008373,1.039547634650244,22.329801403660383,33.101501839576706,4.393066874929348,8.940447037648944,24.73128454574686,12.388991861153912,9.199548315265057,1.7935803731282551,12.153617419154438,10.946472679279236,2.8775162686312172,30.256259546374643,26.65403711302391,16.838343751877876,14.936928482771446,4.828616940422563,8.011390237618755,0.7078628671616645,23.950187694026408,35.001701428663914,9.941670918306768,2.333182464294119,3.0409932020747372,11.025781893835426,19.17396503200068,2.9966772671040585,6.663300748955598,23.793023501800384,1.6362244109181117,12.55893613644783,6.414094389142843,12.937148544698887,24.591633355380683,39.16444823284023,21.312871670880856,25.374350353055707,45.221925579685774,6.996633820186387,21.327808209405042,8.33023611349249,12.83880548182439,15.305009174031138,6.746991862919157,9.644037109863415,9.222223131335598,13.328866292309288,17.349288084122783,8.423833776026898,4.103931160162616,10.069773359277654,9.56382599076622,5.869340349506858,11.4911315614814,7.808252509313308,3.3055765781444695,13.341983550958023,5.296652371257083,15.788582729451177,11.424224560887081,10.109975376205465,2.1463450343403596,6.117193642041541,13.042272028412514,4.064369725602089,5.752119747481862,5.008359686691503,8.520326442144828,16.628005259347542
TVC53,21.107108006185243,5.4608345953668485,9.492263889853069,19.8581722810846,1.1804989353455497,8.526941654702421,14.788253640481628,22.058451860012926,32.21367534632048,19.948110887003143,29.614709498355477,29.16658805247407,3.5083096988773548,23.71152522915146,4.461704672902569,5.170011012731832,7.714555870034539,30.01030410247889,18.652421335977298,11.840495765884604,11.779610478506548,10.018616310217901,8.426322774238695,14.933932666400336,17.740045328442502,48.250219610696476,18.69803555896532,3.5327510065465066,12.539293553796266,18.21098431784438,7.648355179906905,25.42794210596733,5.7467126481593835,43.18819136313947,29.578485462381888,3.5140548184640683,6.821976631373252,11.158328554785623,0.8248643935908677,24.34123303869966,28.0113403732986,39.223607395593575,12.27481305936916,11.589010191875545,9.541907730588832,41.190741058787275,33.116373796216486,17.91943822974186,35.50874551176687,48.180332350663356,19.32898007438811,12.275109295973358,10.982937056518479,5.035247145563617,20.0570992632339,41.61254695344917,4.653340711134351,28.909369786636688,41.61185389031094,11.408684404983736,28.36975931458534,15.56934862581765,11.422559188378093,22.779545819708712,19.452491575023608,8.472012132152956,2.5507521946352534,22.475857850259153,5.488204751406445,8.362938538534044,12.177981999963944,14.163880740616882,14.592426333228184,6.504208360532188,14.893707679959261,3.053199247243384,20.512738042276236,17.112207638980983,6.891187585109354,25.508591193990735,6.773755640213618,8.874553347275548,13.957002019071714,21.506292973969543,19.807215166328312,8.896997386774327,16.332101122853437,12.541109696748237,19.743755423988905,17.290159803612035
TVC53,21.598750025496003,5.047448270265446,9.562522826083871,19.983319352851645,0.5933076947234398,9.260413325110147,14.211357549803202,23.462200059272824,31.559326130475185,20.295614608900635,29.418833140624585,30.010847694929257,3.6108505093023298,23.62586664488149,4.913767544058866,4.704488544915478,7.66093410318212,30.539888717592223,19.242636542440962,12.234788821649182,12.964786146592724,10.737553995183504,8.26319705534351,14.741319715514663,18.778130201960717,44.99851867468782,27.416631501959277,9.899788058635801,10.24683585093003,20.95256698371828,19.388624691408733,11.873725562502248,9.678977574488913,48.63887060742046,62.90308899103209,10.17700285874596,8.492456297911415,6.521732492409935,5.167062745353048,24.275362148303394,27.24025796568671,40.53784061402313,12.006052113503449,11.997178250689839,8.521830129993054,43.664363702507906,32.59659250105998,16.348400717742685,36.54193080765332,48.52801919159039,17.838999558973683,11.64257578387741,9.481692745519238,4.382994423356167,19.4156327977661,42.153963978715645,4.708632149807243,29.94245277772578,41.01220872272817,10.514377438744834,29.29899593975193,14.705201381121494,12.205589871073878,22.797215919670208,20.4724644538044,9.202973250455635,2.8493049995843753,21.95994700470636,5.663441161961519,7.982573661508487,11.525382618016975,14.440636256314063,14.503853799668393,6.635661315733148,14.134776333505792,2.8999779577403104,19.697020946916684,17.835290721775024,6.693788571690404,26.02111644116483,6.970414263703102,9.520726507209067,13.447058837820393,20.967911899921507,19.97300079552702,10.246752207870632,17.201723515710164,13.224399786679319,19.44115857837736,16.978372630777287
TVC54,5.064184522933779,6.078348259619105,12.704125509206314,5.27427928881687,7.090134911509285,4.803450450562594,7.329914375006804,33.01351897312187,25.86969604157565,1.223183765924367,19.07738053701077,16.314112721270288,12.102521760617954,26.97660359843084,7.517497072721783,14.50546145332291,12.965612529174626,11.46484909949944,18.766483888128086,10.304709909952175,6.501856639928985,3.126405633707144,9.043400106095431,42.6486668726157,18.66410300048471,16.55371747755865,27.720988774439046,14.244876317810593,3.712188040303905,17.168175576862534,9.634750931165371,12.157173084655003,4.532682186260558,11.993574366653174,15.507005440700821,1.9694767260412027,4.108975214986076,7.185938122816253,5.6456831396671765,5.936287201078314,8.098108341261657,32.23807393458851,21.68779745087986,36.97650414991971,33.3382173281664,4.504194076019421,4.843640554020976,11.160381077883537,9.137279428515518,11.824592321287644,12.467097850152623,9.683933570092185,8.364793756273057,16.113395646301626,7.239099611176385,44.19528023708634,10.34009742569505,22.599751468569213,47.38272097626625,29.63553646544964,47.48446189771619,9.764290218464811,8.14183462879114,7.631302088080791,14.20956416408918,13.376376387947484,9.241617624104371,15.369982984888622,12.817837259783383,7.444779747341111,2.813379245891906,10.487935515175089,0.6209370062713735,9.289915006202564,1.2051837106894332,42.33976751433478,18.585664554280147,4.064394322333977,11.963348517780416,13.676402733758179,12.007414383079574,3.974179931411966,2.519959489295357,18.557697462338453,5.084705648157332,14.273319166550163,19.973397275021203,41.5484477680329,4.6330102799231545,18.30809557953773
TVC54,5.622826671168247,7.700701781975986,10.497408759727907,5.302939811682807,7.982894282147301,2.866394393281269,6.952570509965642,29.5195422043755,27.335284223202084,0.665648872921422,17.229433922079377,17.255681878652876,9.60829721645081,27.643374389290244,7.884222593612473,13.663461078084723,14.106674980272377,11.576533193101941,18.74254612524832,9.715216675707257,6.449703988064541,2.8703109037429706,9.00645414847388,43.657554158282466,18.52850780985741,17.915155183166497,27.823745710229502,13.784893489028219,6.286382743069708,15.090981335091817,8.183837684867912,13.208554842498865,7.293308685025782,12.847257668125083,14.90718723891517,1.7050390264136892,2.631280835682499,9.199903380180498,2.551632790083296,3.4608925696117874,6.776394106338224,33.05434668713226,26.70924231865948,33.54192117394923,31.838878024932942,3.69155530962536,3.8158102664024334,11.587966968401197,8.037256793308176,7.723364041517702,16.375030163556413,12.117498942254016,7.310685774119846,13.791613845858166,10.090965440949182,44.31080671333504,12.482534500062723,20.41689790424697,47.91920332199763,31.220590936797596,47.01088285837693,15.291401448441459,7.731441167272569,8.386335952885211,14.12381995749453,13.317257557640636,8.850840356500374,16.22305161662419,11.947245646264909,7.838906530789909,2.7441752684095757,10.772247194934737,0.7640338730173267,9.292552735852906,1.719643491037776,43.199448351213,16.507511830268076,3.2324642319048698,10.911030703613031,14.822853663097504,11.769803098490657,4.590199511424157,2.6947584449987323,18.272624779489398,5.587201558059933,14.785904229460035,18.381905730469224,41.761192883101636,7.117529803962674,17.425149033990728
TVC54,5.740942896769721,6.773102244434431,11.48758177701817,5.231368353655345,7.750212502340938,3.285561950631844,6.827755918336469,31.643424437605134,25.86576164600461,0.83026737075068,18.562341617752416,16.551236556481946,8.987508043563787,27.525703009795542,7.273790681084921,14.3519596376117,14.558667440804863,12.13092509535856,18.508406063083328,9.637782575894695,6.3787882753120835,2.475728173011033,9.459405379239904,43.85925708907519,18.4814018081556,17.13946636610253,29.34619751457096,12.903845252916794,5.54375912399255,16.335842930069266,8.394236412390258,12.568430815902792,7.644752010356548,12.51735156982444,15.258526232815528,2.071202742036923,2.8196853408517764,9.198490598058516,3.205370687699133,3.4984638807149477,6.689328006071638,33.347004992093225,27.931516661200412,31.081286716195503,33.33181890868401,4.370240520830302,4.362876406242681,12.896300419356471,8.877876248586086,6.0295079731664,16.318597583345664,9.018871457770814,7.188381982173106,13.9905913592309,10.425586869434794,43.960286422293315,12.187592128450556,19.254031964155164,48.385013063979706,31.16534306651862,47.19583590398001,14.675251751676086,6.152383925378785,8.659500715669331,14.94024509127981,13.290190122848333,9.6177919106197,16.461054243699667,11.041931050461391,7.592074866442717,3.1252641388496687,10.98607602461364,0.7127606822538746,9.551962190935779,1.6171700986780861,42.82226613464282,17.811135386542755,3.4356240824211475,10.52807178960521,15.022417964976887,11.854044281697089,4.570713375139144,2.5477425034425054,17.896647991598115,6.0352006572796855,14.697590170904647,18.436968402807103,41.51704414304375,8.37442547862613,17.445508535518204
TVC55,11.021133866020415,1.957827257405361,0.7248198661115174,0.8669065477568136,11.653059919283699,4.8408725093346705,15.468542849489033,19.899361011405492,40.64699972869923,5.996384416234317,2.5438481025116393,26.39622576953155,1.5907871511647071,11.302340668801994,3.058963720825897,1.1393786617914101,1.5966614453467634,17.866333881622463,4.730896736775052,2.2917415933264498,29.39283281868119,7.950969550581205,10.482987812978685,10.94549903963587,1.3482816792865497,7.86766616679569,8.840554689930382,13.325564618181126,25.839213704044987,9.056155131172469,5.322497724116533,5.672743346288262,3.3875405862805095,9.420691326529717,10.615763299717692,12.935882811084365,28.29470292648854,20.30857400901995,12.330558638267329,4.869315124399752,18.69369680325582,28.581242093115996,15.184386073857889,45.89491152919963,19.834006560064108,3.2528076884390296,3.7583284569882798,4.422426952712837,19.184017033412538,13.072488348863786,9.807915292154195,9.300969132061663,13.672218064564985,25.32224810886853,27.46986451563968,72.14345704569605,19.49502627994431,44.59966468478267,63.41104315693547,24.911537163363302,26.479547107650337,11.02768290992245,3.1883558209110756,3.0932883580134223,10.549067906851839,1.3211487016850112,3.0349514897429493,15.039356109152482,1.6737426513521543,5.748072299855488,10.943163411370639,9.407141054400865,17.47486151644749,7.310848602128929,18.53741529539888,19.882747637325124,4.744795422101843,4.254920236778572,7.145007821237317,7.280954937825258,8.949419839041573,5.474845153259722,8.26954103426393,14.588419226002811,24.707020970572195,6.744208418285514,27.3918631354772,34.05639159716115,10.516018299927266,2.393235751560756
TVC55,11.424356199628317,2.884896795804913,0.7933950237199372,0.7142536413595213,11.825753796971844,7.169635585710114,15.00519226919096,17.295351237855492,42.55376571682473,5.908080517820708,1.3491674104901346,25.596976912595373,1.7392505432899092,13.277169893344668,2.8352363249834847,2.3867266571378325,0.7827279007796085,18.397901654030974,4.392238458173612,2.4576578679994254,29.892009809905407,7.871129710619037,11.226930187560233,10.184297791139327,0.6957509570793247,8.856880705836835,8.450522604685629,13.006129793517305,25.766854788742812,7.727607160966026,4.937105784866686,5.1366663032083535,3.2767449657759777,11.14517942979374,12.439829220852538,13.582494975411318,29.823303698218442,18.146421323060565,12.89928141677231,3.854325941858445,18.57572612171717,32.37782763414842,33.07145257068403,35.200815427643306,14.13365071512586,6.510479098760295,6.020227021924527,5.7520762127350995,7.27946338339073,15.139041813724607,3.697163392303249,16.36166563539794,12.156834546974636,13.269911537408404,25.812134567429037,72.01687422899427,19.913217665252414,46.46793549299346,61.92230171804547,26.193997956002246,25.529361008482184,11.64185268866187,2.653664965468082,3.6043755190178035,11.37838818470212,0.9258663140091241,3.036276508780087,15.053598312345631,1.3223738729847518,6.040190751221091,11.525821547457241,9.161478316295169,17.87954219044211,6.325681643265029,18.53136207883158,19.68394972593814,4.638333937276069,4.152856383094176,6.905256377728971,6.971936430098114,8.53631115767195,5.605958065672142,9.013817285790163,14.373337388676118,25.03521364585973,7.170630295540135,27.16801343499658,33.81279747549166,9.497230973905252,2.6214117357862614
TVC55,10.845978271118874,2.32315497116376,0.7495697302752377,0.6549802787384497,11.32424532781182,6.559634216003887,14.740366693237045,16.22963941536741,42.45699998969856,5.711558372743668,1.9406730188385866,26.065502784951676,1.28443389346454,12.095040483042576,3.4375497492777036,1.083867714055077,2.032295113426566,17.539134862053047,4.793313872227917,1.8645038313579998,30.03577017454508,8.132194355606586,10.645594319257135,11.026926168098978,1.1420445940278459,8.149541865341858,8.662186624084567,13.637640221877032,25.42680479560946,9.50513332560315,5.755244179804754,5.555541900431483,2.915370536106889,8.159155166277321,10.76756174846362,13.521857025802776,29.30938537695807,18.678054159870527,12.827227920614263,4.5491810967479065,18.52227002482993,29.18106861817672,15.680947691797295,46.843032702506044,18.506010651771557,3.181695731187929,4.281786485110193,4.288428089768839,20.118239904145856,11.397685067078669,9.861413796742758,10.503983680370583,11.708238273172334,24.596733135744905,27.93040322167899,72.33787905309241,21.03753590327437,45.19012995213041,63.060135902897,26.261044236372143,26.74299766695536,11.615300247929246,3.2770274948963922,2.7342598159009226,11.085142768747795,1.1389495568341375,3.2491896492178722,15.452709522298587,1.699372375798848,5.709563141090713,11.132449492697708,9.609983904936712,17.445963661368083,7.229354982157044,19.095840911162064,19.8475382903937,4.955786838234844,4.357822145002046,7.164498847750475,7.036982271345346,8.69289611634754,5.302863964836718,8.093255406151169,14.600560265935146,24.705031226948474,6.475049098698958,27.417980495136455,34.11172888035415,10.56390277434787,2.3967355546497164
TVC57,4.522351138660316,14.183046365576036,6.053129631361545,9.669214339099188,15.840358581636812,11.669768481236982,10.18829647019084,23.461270817458118,26.30415909052775,4.198790845872438,5.686265255985518,23.378982980312898,5.019163601872537,32.13894001694183,11.685844193818678,1.4007127471818035,10.61157373645942,16.85941310826263,7.996446459717948,1.187654384534444,15.786829828776117,9.315919711243081,16.55076023456062,15.786137044796352,15.553326311366584,6.535564984049451,20.260850955639377,13.920571126914405,9.484821992093494,9.810169447538744,3.454547351870003,9.812979360054927,1.4399599407285195,12.047446445638696,24.01776070245811,6.592226743404862,10.102055465456598,5.026003270718151,13.639052240317744,17.387612881255766,30.508985282244964,30.190381718737612,11.360336130542215,6.955234111748352,5.364499623485157,1.754126406830322,16.242294756688754,4.946895996436275,11.645122461360026,27.026489919988578,1.9763963336874197,13.646837705175814,4.279594594702069,12.907109455868767,17.769309866032476,42.16429525533139,26.667559068288018,12.554888931294355,38.61624192854282,5.93890434877459,26.214390323015085,14.00663724332718,5.701071335674065,33.04123257279744,6.486719682867677,2.6322061027254713,5.62469652870631,17.643744687532585,11.820406670646621,9.172710129842255,12.766430280745249,7.557119640477029,10.548267081361562,3.39859635781538,1.9034940307870563,35.7439545011755,5.996299040713433,13.45473510312858,6.78226191164676,20.542977303303182,8.265586236306222,7.866295963782373,2.0190133031590545,8.858914804048057,4.424912171756796,9.243356675899337,5.771733485757938,17.235499813401244,5.0927359507972465,18.691712751306437
TVC57,5.073459582206081,14.133063524190117,6.109136139364804,10.052276744903887,15.743921931210686,11.636569052303539,10.797668627605718,22.827585240392125,26.513846851797666,4.009370901499163,6.031531068332055,23.334859006545123,5.290252481124857,32.19110741278705,12.422768261853387,1.7548748699093566,9.71805145015173,17.66918867111206,7.084946788402603,1.6782489650389727,15.336676075879264,8.5654491536385,16.638311496061437,15.658930449766272,15.202805203550001,5.966221626506132,20.44482630449183,13.534229533532086,10.637447103191825,9.1988166438832,3.205011993296006,10.445972368436701,1.7105392663619097,12.199641071207383,24.602301423689898,5.530861858480117,10.455333478871514,5.59640014816733,12.659705772960887,17.669573815500033,30.56657319756115,30.123448490816003,11.898115348675672,5.966619129601647,6.013622693454518,1.3695223464685329,15.91415273329791,4.994027396370383,11.210486042639788,26.845234033219956,2.0104449597527,13.567616441880956,4.363597999180064,13.76918119430542,17.050636474525227,43.2924424032604,27.378474298925962,15.211845357698552,38.11189412355423,6.8946185863719265,26.86582389719346,13.023292395928326,5.996509376974667,32.91108932396205,7.960341279717053,2.5127070920607624,6.0785173892974855,17.00855402406524,12.258133044242859,9.931739094467725,12.766146434755886,7.075965216019575,10.388930884950302,3.2633073853394565,2.324903783798218,35.802740450746875,6.929644268260283,13.294042143541224,5.286886909569011,21.289698088730084,8.230035565320183,8.401386176452917,1.711969300438376,8.677059046240414,4.3201180938412165,10.04355524347109,4.293453281626982,17.161288993007997,5.741384858524098,19.026796363381777
TVC58,0.3950638975092175,9.53537095584285,13.070095669518937,11.674281491883734,3.53712935181624,5.080156549583118,4.708222476997834,19.315370231019067,31.30972244963865,1.9466430981780039,11.130387696643366,22.808522827515716,1.9665152712519274,10.639967926156338,6.621554575029035,5.260511835857704,2.484899337038691,14.805153214435869,2.9427875332876683,11.890857601843987,30.181699942707755,6.489627713973367,15.291934542374225,65.70052435309412,3.1348639133200864,3.4296007534607234,8.803561450616014,2.397538809468501,24.445682231915598,2.1803842331700567,12.885488221629704,9.952206574853191,4.073473757153267,14.939544733556668,4.559664289118555,4.344117304428401,12.778975389457635,10.577151031932372,27.399080230579333,9.157778993738036,27.85422741114702,24.39629124656026,10.282068234303848,11.759723276095526,6.586100953934751,2.4700840547256973,12.689959950989655,10.492144165206007,19.770195899959205,18.62469307364207,2.485693513173243,6.214149676996978,7.799332823612497,17.476412158565395,23.47917902730487,58.281958203086184,14.51871070089695,27.549834666940786,68.48664243476918,13.277963011217848,40.856908786479444,22.153023665921694,8.12037545481709,24.9104942683318,13.882069490801062,3.1746979657095946,4.550771791512387,33.988251773611985,17.84956998950282,6.688109116834594,6.885099564864416,2.24873620519492,5.840712484534773,8.480628234193675,4.909802878189922,9.520635290858,4.570970482097152,13.891859084824242,4.193796956565239,25.86322111947792,17.021069366509334,8.386750738782487,1.4623534971566898,3.512070530613872,3.2139648940552767,13.401918959435019,8.531428960011356,20.75986781175079,7.583094114286895,23.559137547824786
TVC58,0.47253227389829106,10.18262880965934,12.256493742436117,11.617655636372847,4.504971072370976,4.726794657425718,4.920615362033435,20.950286467994474,29.522091162652575,1.779760363703337,13.041170819714159,21.96180587591127,2.209646552597874,10.507128358846913,4.856971488229277,5.459761499950399,1.8581785729191598,15.214908604971624,2.639657834454811,12.642895901139179,29.8585451941584,5.756409045532079,16.59072690530412,64.39989228154764,3.1876975084673314,3.148159385153987,8.898891348318465,2.458857403884847,23.931281476626456,3.0345972723099326,12.936190223437942,8.819526073971033,3.9544765842621996,14.719263892694109,3.4374085169998607,4.525165473412529,12.34244357025474,12.401441050770032,27.78183011548037,8.952821637948638,28.360650938397445,24.12089078285613,10.325765221617942,11.296035747621907,7.353093348590121,2.7296761858655216,13.317664601935043,9.612432112207566,20.047621404335622,17.738224029114505,1.9408370258556495,6.800743649598737,6.557181931565614,18.152895780710075,22.747322803746396,58.88577621183583,12.82024824981826,27.697649149753968,68.26043674493732,11.254783204715025,41.07440728780835,21.376896024283443,8.06805937874509,24.819261241684234,14.456940778252903,3.2537151082470506,4.083657058705584,33.406677735299674,19.75746128426895,7.0246980537882004,7.496953433442841,2.4268798452797005,6.063883036268418,8.07778105987419,4.700008433278857,9.282390700416617,4.8043086051087895,14.037812673981586,4.022421038054823,25.92118837037965,17.15152845314449,8.6642480035694,1.6871776706630728,3.2472569358156917,3.3153021905524573,13.545567134145333,8.415036235597778,20.13059447259244,8.231691862741394,23.5765709962316
TVC58,0.6486149053012983,10.499800196925147,12.23788062080008,11.46200387448561,4.252044327434946,4.61844401085963,5.361277313658693,21.127832177660014,29.912892593712105,1.5377016214073682,12.5789793966735,22.178188986465578,2.053626813395254,10.5763489571629,5.574437125784452,5.169033505281121,2.332688538632432,14.979311726132376,3.3623524487827767,12.045506335672785,29.545497089135843,7.029666693360148,16.173157355824454,63.735180800078346,2.9223098360368462,3.41794688657659,8.707412022059081,2.482710611136233,24.19310003323633,2.8511671961330975,12.97137426401748,9.30922532246494,4.03962275825563,14.951936711541942,3.7897969391502317,4.679225650967145,12.2833567691631,11.40331913042264,28.03734261774626,9.71227358379325,28.054466478526592,24.214743149085123,10.481924385565225,10.99717236957589,7.0487855008391085,1.9531218236098524,12.68815406375244,10.49465015677155,19.581286239330886,19.29420336396968,2.278303070146529,6.105192817381171,8.074448441872832,17.660628822983288,22.466563542968913,59.09633676145898,13.706810460715998,28.50644000070017,68.09175287064959,11.9277094299676,41.143161773467895,21.41322351747849,8.364338920741785,24.833848886436126,14.443032162019708,3.070893701959829,3.6391792161787144,33.95495112386883,19.083224957106545,6.662253267849322,7.453054352373373,2.2190353596796757,6.319045709888832,8.017323436307125,4.5596503771719386,9.37416792627363,4.614346916558312,14.051638441007645,4.380449159589947,25.758960093142555,17.69683153902898,8.717968375467864,1.319961789995432,3.3222805271383193,3.5762839355109044,13.26971063631602,8.568842765737752,20.46891255554606,7.532955989424811,23.755782827002104
TVC60,9.679661671331246,12.107288430108245,5.026056318610199,15.618598808517243,6.27205865018286,1.814188730748159,8.161719495435504,12.172009660899246,16.42081412665133,9.343727440998391,10.002467280799292,9.653651755843754,2.644387235017223,11.269349552396106,5.676519646808151,6.817492559609939,9.64697991952418,51.384463376923414,12.112323430570772,1.0367625638803266,5.482165692664074,2.0199451958736048,4.379044984292858,55.40193355806899,16.51894604153243,23.262734775974522,13.253610799683745,2.99948085282283,28.718007641173603,26.929714268304426,13.238768831406546,11.385419565761625,6.169196956704978,17.982473419492667,14.674140962720468,2.8131720799569404,12.835631260299431,2.8056774677654683,11.031668683155232,8.964120420978691,15.226504078650931,24.69124303832847,14.68450698437351,12.161921916976768,27.40557963112099,16.87775522564835,8.554715365554774,15.617948017522968,20.773189567167087,24.440496400657224,5.882102129641813,7.3728868944034724,3.644765438507053,6.234633597975356,3.4225058348009014,28.116861012727416,8.289776082403742,8.79520977321904,37.73920737486087,9.18675316292252,31.30161624572837,30.04697195206594,30.001159198051393,3.21757882538603,23.930381645824475,32.41407231793869,2.3620918665995383,13.436254590022376,2.183684930323296,5.955610736142991,6.664008159750685,6.471750400311714,1.0517016003267117,12.225846982725692,9.473850721419645,3.1813919130604624,8.208732972358966,17.655587740498042,4.348527593552909,11.944786864703909,6.5944656841358595,4.55742084327348,8.911531572370228,8.255870618417584,6.151709625384424,16.009896400185564,19.030297162350376,7.226940849958121,7.522700117650321,20.50317791206541
TVC60,9.879484874374018,11.685691374998827,4.531970201639028,15.240474190368102,7.09954852599364,1.6216075031573955,8.271717615586061,12.104319895975864,15.778106704125037,9.632971584338408,9.651368198990822,9.474737035311186,1.9938817724327629,11.51600046818073,5.739899080716647,7.031551769616512,9.704808136224747,51.45684542876023,12.306149030319201,1.0697765788665186,5.253594228304349,2.0331051244285816,3.9284999321057246,54.60322190358089,15.90386188855538,23.396379768034585,13.758476839799147,3.7262625984045177,29.712801184837634,26.33568877000075,13.271623309758994,11.5849151130823,6.333143138151902,17.76177210569382,14.775916595126574,3.0130884647369385,12.970614161307996,3.4201296340502227,10.71217888025137,8.154158412493192,15.487113855905259,25.3709096629803,14.938114462265602,13.015005702605615,26.43294270148644,16.241271003943222,9.233225368158175,15.085435319313635,20.863749659978428,23.70228196583115,5.999462825334989,7.221930699898646,3.977599625736475,6.074199298711924,3.333990489702958,28.288780257701873,8.377076350725615,9.809779242919042,36.53129106833384,9.330778327355018,31.686933980813393,30.112370892946537,29.624411232288068,3.136062270242434,23.82508139032584,32.35962029750531,2.3017848521012527,13.475529226316855,2.5336038285035354,6.093703373028682,6.440412643872775,6.770916560246394,1.0345896171377256,11.979662398191598,9.88113049873939,2.989603928602659,8.255935727999761,17.797499980926514,4.297332423054255,11.855479865051233,6.652476152273325,4.783879573299335,8.558033906152616,8.446030436295729,5.474013826067631,16.100158611673574,19.63946132513193,7.11948753047448,7.679420833587646,20.386347840382502
TVC60,10.664452209643938,11.450300328536834,5.104582091509285,15.384784461123918,5.950997079649397,1.7302514283425636,9.202118615133369,11.730485750101105,16.023274221846428,10.463331746669322,9.06349185288228,10.078738923800193,2.2755068887587644,11.503413958799307,6.047615906490567,7.141636367438817,9.161631006397341,51.25266767686982,12.101583500336769,0.9836045217073203,5.010888133467805,2.1633719896882604,5.037112990402845,55.28783533275587,16.33054716800137,23.30167467183848,13.864373098352841,3.4751338675870733,29.316446555781255,26.18551930514249,13.218253641172623,11.441459547573318,6.351549082434232,17.696427524732698,14.815652969931877,2.9196586425205227,13.016998269892254,3.4044752442414294,10.966991428234177,8.303257414850139,14.86143130604723,25.174762129232587,14.656757095378058,13.093955116389528,26.888168893352677,16.497609672634553,8.766068103098998,15.13276807699806,21.033660579903284,23.96404182533224,6.414255990820416,7.386639300406622,4.159912908355058,6.052689004936277,3.414269325086626,28.11912241157931,8.03619683431734,9.305787916176124,36.66269073501022,9.458228635861436,31.646182352387115,29.88507089188727,29.364057341782814,3.4230365742612143,23.572225052696897,32.38693256481035,2.5980356414622996,13.713665419601146,2.4666980591319927,5.785706211495657,6.6230208355307765,6.690349065283965,1.0448715283158012,12.241329546311787,10.072142750897283,3.2262193853572265,8.439714677390773,17.73418196397496,4.374628347773765,11.687257183328247,6.740960028946676,4.517664901740011,8.797135151773462,8.371080167855615,5.742075659483901,15.56885481339941,19.18478810070843,7.159029036163365,7.715069645174847,20.63127724452085
